Workbook
Name SupplierNameList: 供应商管理!$C$2:$C$1000

Sheet 指标看板
A1: 临时工管理指标看板 v3
J2: 分析起始日期 | K2: 46174 | L2: ← 修改此日期刷新分析 | AB2: 周度分析
AB3: 起始日期 | AC3: 2026-06-01
A4: 面试总人数 | C4: 面试通过率 | E4: 报到率 | G4: 当前在职人数
A5: =COUNTA(面试清单!C:C)-1 -> 3631 | C5: =IFERROR(COUNTIF(面试清单!I:I,"通过")/(COUNTA(面试清单!I:I)-1),0) -> 0.45166621 | E5: =IFERROR(COUNTIF(面试清单!J:J,"是")/COUNTIF(面试清单!I:I,"通过"),0) -> 0.60487805 | G5: {=SUMPRODUCT(--(LEN(在职清单!$G:$G)>0))-1} -> 3831 | AB5: 周次 | AC5: 起始 | AD5: 结束 | AE5: 入职 | AF5: 离职 | AG5: 净增
A6: 累计入职人数 | C6: 累计离职人数 | E6: 当月入职 | G6: 当月离职 | AB6: W1 | AC6: =IF($AC$3="","",$AC$3+(1-1)*7) -> 46174 | AD6: =IF($AC6="","",$AC6+6) -> 46180 | AE6: =IF($AC6="","",COUNTIFS(面试清单!K:K,">="&$AC6,面试清单!K:K,"<="&$AD6,面试清单!J:J,"是")) -> 346 | AF6: =IF($AC6="","",COUNTIFS(离职清单!H:H,">="&$AC6,离职清单!H:H,"<="&$AD6)) -> 204 | AG6: =IF($AC6="","",AE6-AF6) -> 142
A7: =COUNTIF(面试清单!J:J,"是") -> 992 | C7: =COUNTA(离职清单!B:B)-1 -> 474 | AB7: W2 | AC7: =IF($AC$3="","",$AC$3+(2-1)*7) -> 46181 | AD7: =IF($AC7="","",$AC7+6) -> 46187 | AE7: =IF($AC7="","",COUNTIFS(面试清单!K:K,">="&$AC7,面试清单!K:K,"<="&$AD7,面试清单!J:J,"是")) -> 563 | AF7: =IF($AC7="","",COUNTIFS(离职清单!H:H,">="&$AC7,离职清单!H:H,"<="&$AD7)) -> 216 | AG7: =IF($AC7="","",AE7-AF7) -> 347
AB8: W3 | AC8: =IF($AC$3="","",$AC$3+(3-1)*7) -> 46188 | AD8: =IF($AC8="","",$AC8+6) -> 46194 | AE8: =IF($AC8="","",COUNTIFS(面试清单!K:K,">="&$AC8,面试清单!K:K,"<="&$AD8,面试清单!J:J,"是")) -> 21 | AF8: =IF($AC8="","",COUNTIFS(离职清单!H:H,">="&$AC8,离职清单!H:H,"<="&$AD8)) -> 0 | AG8: =IF($AC8="","",AE8-AF8) -> 21
A9: 【新增】总目标达成表 | AB9: W4 | AC9: =IF($AC$3="","",$AC$3+(4-1)*7) -> 46195 | AD9: =IF($AC9="","",$AC9+6) -> 46201 | AE9: =IF($AC9="","",COUNTIFS(面试清单!K:K,">="&$AC9,面试清单!K:K,"<="&$AD9,面试清单!J:J,"是")) -> 0 | AF9: =IF($AC9="","",COUNTIFS(离职清单!H:H,">="&$AC9,离职清单!H:H,"<="&$AD9)) -> 0 | AG9: =IF($AC9="","",AE9-AF9) -> 0
A10: 区域 | B10: 目标 | C10: 净增 | D10: 缺口 | E10: 净增达成率
A11: 江门 | B11: 150 | C11: =COUNTIFS(面试清单!N:N,"江门",面试清单!K:K,">="&$K$2,面试清单!J:J,"是")-COUNTIFS(离职清单!N:N,"江门",离职清单!H:H,">="&$K$2) -> 311 | D11: =MAX(0,B11-C11) -> 0 | E11: =IFERROR(C11/B11,0) -> 2.0733333
A12: 成都 | B12: 90 | C12: =COUNTIFS(面试清单!N:N,"成都",面试清单!K:K,">="&$K$2,面试清单!J:J,"是")-COUNTIFS(离职清单!N:N,"成都",离职清单!H:H,">="&$K$2) -> 199 | D12: =MAX(0,B12-C12) -> 0 | E12: =IFERROR(C12/B12,0) -> 2.2111111
A13: 汇总 | B13: =SUM(B11:B12) -> 240 | C13: =SUM(C11:C12) -> 510 | D13: =SUM(D11:D12) -> 0 | E13: =IFERROR(C13/B13,0) -> 2.125
A15: 【新增】周日度明细表（区域 x 工种）
A16: 区域 | B16: 工种 | C16: 本周累计 入职 | D16: 本周累计 离职 | E16: 本周累计 净增长 | F16: 今日在职 | G16: =IF($K$2="","",TEXT($K$2+0,"M/D")) -> 6/1 | J16: =IF($K$2="","",TEXT($K$2+1,"M/D")) -> 6/2 | M16: =IF($K$2="","",TEXT($K$2+2,"M/D")) -> 6/3 | P16: =IF($K$2="","",TEXT($K$2+3,"M/D")) -> 6/4 | S16: =IF($K$2="","",TEXT($K$2+4,"M/D")) -> 6/5 | V16: =IF($K$2="","",TEXT($K$2+5,"M/D")) -> 6/6 | Y16: =IF($K$2="","",TEXT($K$2+6,"M/D")) -> 6/7
G17: 入 | H17: 离 | I17: 净 | J17: 入 | K17: 离 | L17: 净 | M17: 入 | N17: 离 | O17: 净 | P17: 入 | Q17: 离 | R17: 净 | S17: 入 | T17: 离 | U17: 净 | V17: 入 | W17: 离 | X17: 净 | Y17: 入 | Z17: 离 | AA17: 净
A18: 江门 | B18: 电工 | C18: =COUNTIFS(面试清单!$N:$N,"江门",面试清单!$E:$E,"电工",面试清单!$K:$K,">="&$K$2,面试清单!$J:$J,"是") -> 355 | D18: =COUNTIFS(离职清单!$N:$N,"江门",离职清单!$D:$D,"电工",离职清单!$H:$H,">="&$K$2) -> 101 | E18: =C18-D18 -> 254 | F18: =COUNTIFS(面试清单!N:N,"江门",面试清单!E:E,"电工",面试清单!O:O,"在职",面试清单!J:J,"是") -> 391 | G18: =COUNTIFS(面试清单!$N:$N,"江门",面试清单!$E:$E,"电工",面试清单!$K:$K,G$16,面试清单!$J:$J,"是") -> 5 | H18: =COUNTIFS(离职清单!$N:$N,"江门",离职清单!$D:$D,"电工",离职清单!$H:$H,G$16) -> 8 | I18: =G18-H18 -> -3 | J18: =COUNTIFS(面试清单!$N:$N,"江门",面试清单!$E:$E,"电工",面试清单!$K:$K,J$16,面试清单!$J:$J,"是") -> 12 | K18: =COUNTIFS(离职清单!$N:$N,"江门",离职清单!$D:$D,"电工",离职清单!$H:$H,J$16) -> 1 | L18: =J18-K18 -> 11 | M18: =COUNTIFS(面试清单!$N:$N,"江门",面试清单!$E:$E,"电工",面试清单!$K:$K,M$16,面试清单!$J:$J,"是") -> 16 | N18: =COUNTIFS(离职清单!$N:$N,"江门",离职清单!$D:$D,"电工",离职清单!$H:$H,M$16) -> 1 | O18: =M18-N18 -> 15 | P18: =COUNTIFS(面试清单!$N:$N,"江门",面试清单!$E:$E,"电工",面试清单!$K:$K,P$16,面试清单!$J:$J,"是") -> 9 | Q18: =COUNTIFS(离职清单!$N:$N,"江门",离职清单!$D:$D,"电工",离职清单!$H:$H,P$16) -> 22 | R18: =P18-Q18 -> -13 | S18: =COUNTIFS(面试清单!$N:$N,"江门",面试清单!$E:$E,"电工",面试清单!$K:$K,S$16,面试清单!$J:$J,"是") -> 26 | T18: =COUNTIFS(离职清单!$N:$N,"江门",离职清单!$D:$D,"电工",离职清单!$H:$H,S$16) -> 8 | U18: =S18-T18 -> 18 | V18: =COUNTIFS(面试清单!$N:$N,"江门",面试清单!$E:$E,"电工",面试清单!$K:$K,V$16,面试清单!$J:$J,"是") -> 28 | W18: =COUNTIFS(离职清单!$N:$N,"江门",离职清单!$D:$D,"电工",离职清单!$H:$H,V$16) -> 0 | X18: =V18-W18 -> 28 | Y18: =COUNTIFS(面试清单!$N:$N,"江门",面试清单!$E:$E,"电工",面试清单!$K:$K,Y$16,面试清单!$J:$J,"是") -> 24 | Z18: =COUNTIFS(离职清单!$N:$N,"江门",离职清单!$D:$D,"电工",离职清单!$H:$H,Y$16) -> 0 | AA18: =Y18-Z18 -> 24
B19: 钳工 | C19: =COUNTIFS(面试清单!$N:$N,"江门",面试清单!$E:$E,"钳工",面试清单!$K:$K,">="&$K$2,面试清单!$J:$J,"是") -> 205 | D19: =COUNTIFS(离职清单!$N:$N,"江门",离职清单!$D:$D,"钳工",离职清单!$H:$H,">="&$K$2) -> 113 | E19: =C19-D19 -> 92 | F19: =COUNTIFS(面试清单!N:N,"江门",面试清单!E:E,"钳工",面试清单!O:O,"在职",面试清单!J:J,"是") -> 229 | G19: =COUNTIFS(面试清单!$N:$N,"江门",面试清单!$E:$E,"钳工",面试清单!$K:$K,G$16,面试清单!$J:$J,"是") -> 3 | H19: =COUNTIFS(离职清单!$N:$N,"江门",离职清单!$D:$D,"钳工",离职清单!$H:$H,G$16) -> 13 | I19: =G19-H19 -> -10 | J19: =COUNTIFS(面试清单!$N:$N,"江门",面试清单!$E:$E,"钳工",面试清单!$K:$K,J$16,面试清单!$J:$J,"是") -> 5 | K19: =COUNTIFS(离职清单!$N:$N,"江门",离职清单!$D:$D,"钳工",离职清单!$H:$H,J$16) -> 5 | L19: =J19-K19 -> 0 | M19: =COUNTIFS(面试清单!$N:$N,"江门",面试清单!$E:$E,"钳工",面试清单!$K:$K,M$16,面试清单!$J:$J,"是") -> 4 | N19: =COUNTIFS(离职清单!$N:$N,"江门",离职清单!$D:$D,"钳工",离职清单!$H:$H,M$16) -> 5 | O19: =M19-N19 -> -1 | P19: =COUNTIFS(面试清单!$N:$N,"江门",面试清单!$E:$E,"钳工",面试清单!$K:$K,P$16,面试清单!$J:$J,"是") -> 7 | Q19: =COUNTIFS(离职清单!$N:$N,"江门",离职清单!$D:$D,"钳工",离职清单!$H:$H,P$16) -> 20 | R19: =P19-Q19 -> -13 | S19: =COUNTIFS(面试清单!$N:$N,"江门",面试清单!$E:$E,"钳工",面试清单!$K:$K,S$16,面试清单!$J:$J,"是") -> 5 | T19: =COUNTIFS(离职清单!$N:$N,"江门",离职清单!$D:$D,"钳工",离职清单!$H:$H,S$16) -> 17 | U19: =S19-T19 -> -12 | V19: =COUNTIFS(面试清单!$N:$N,"江门",面试清单!$E:$E,"钳工",面试清单!$K:$K,V$16,面试清单!$J:$J,"是") -> 18 | W19: =COUNTIFS(离职清单!$N:$N,"江门",离职清单!$D:$D,"钳工",离职清单!$H:$H,V$16) -> 0 | X19: =V19-W19 -> 18 | Y19: =COUNTIFS(面试清单!$N:$N,"江门",面试清单!$E:$E,"钳工",面试清单!$K:$K,Y$16,面试清单!$J:$J,"是") -> 12 | Z19: =COUNTIFS(离职清单!$N:$N,"江门",离职清单!$D:$D,"钳工",离职清单!$H:$H,Y$16) -> 0 | AA19: =Y19-Z19 -> 12
B20: 合计 | C20: =SUM(C18:C19) -> 560 | D20: =SUM(D18:D19) -> 214 | E20: =C20-D20 -> 346 | F20: =SUM(F18:F19) -> 620 | G20: =SUM(G18:G19) -> 8 | H20: =SUM(H18:H19) -> 21 | I20: =G20-H20 -> -13 | J20: =SUM(J18:J19) -> 17 | K20: =SUM(K18:K19) -> 6 | L20: =J20-K20 -> 11 | M20: =SUM(M18:M19) -> 20 | N20: =SUM(N18:N19) -> 6 | O20: =M20-N20 -> 14 | P20: =SUM(P18:P19) -> 16 | Q20: =SUM(Q18:Q19) -> 42 | R20: =P20-Q20 -> -26 | S20: =SUM(S18:S19) -> 31 | T20: =SUM(T18:T19) -> 25 | U20: =S20-T20 -> 6 | V20: =SUM(V18:V19) -> 46 | W20: =SUM(W18:W19) -> 0 | X20: =V20-W20 -> 46 | Y20: =SUM(Y18:Y19) -> 36 | Z20: =SUM(Z18:Z19) -> 0 | AA20: =Y20-Z20 -> 36
A21: 成都 | B21: 电工 | C21: =COUNTIFS(面试清单!$N:$N,"成都",面试清单!$E:$E,"电工",面试清单!$K:$K,">="&$K$2,面试清单!$J:$J,"是") -> 144 | D21: =COUNTIFS(离职清单!$N:$N,"成都",离职清单!$D:$D,"电工",离职清单!$H:$H,">="&$K$2) -> 11 | E21: =C21-D21 -> 133 | F21: =COUNTIFS(面试清单!N:N,"成都",面试清单!E:E,"电工",面试清单!O:O,"在职",面试清单!J:J,"是") -> 144 | G21: =COUNTIFS(面试清单!$N:$N,"成都",面试清单!$E:$E,"电工",面试清单!$K:$K,G$16,面试清单!$J:$J,"是") -> 6 | H21: =COUNTIFS(离职清单!$N:$N,"成都",离职清单!$D:$D,"电工",离职清单!$H:$H,G$16) -> 1 | I21: =G21-H21 -> 5 | J21: =COUNTIFS(面试清单!$N:$N,"成都",面试清单!$E:$E,"电工",面试清单!$K:$K,J$16,面试清单!$J:$J,"是") -> 3 | K21: =COUNTIFS(离职清单!$N:$N,"成都",离职清单!$D:$D,"电工",离职清单!$H:$H,J$16) -> 1 | L21: =J21-K21 -> 2 | M21: =COUNTIFS(面试清单!$N:$N,"成都",面试清单!$E:$E,"电工",面试清单!$K:$K,M$16,面试清单!$J:$J,"是") -> 15 | N21: =COUNTIFS(离职清单!$N:$N,"成都",离职清单!$D:$D,"电工",离职清单!$H:$H,M$16) -> 0 | O21: =M21-N21 -> 15 | P21: =COUNTIFS(面试清单!$N:$N,"成都",面试清单!$E:$E,"电工",面试清单!$K:$K,P$16,面试清单!$J:$J,"是") -> 16 | Q21: =COUNTIFS(离职清单!$N:$N,"成都",离职清单!$D:$D,"电工",离职清单!$H:$H,P$16) -> 1 | R21: =P21-Q21 -> 15 | S21: =COUNTIFS(面试清单!$N:$N,"成都",面试清单!$E:$E,"电工",面试清单!$K:$K,S$16,面试清单!$J:$J,"是") -> 21 | T21: =COUNTIFS(离职清单!$N:$N,"成都",离职清单!$D:$D,"电工",离职清单!$H:$H,S$16) -> 0 | U21: =S21-T21 -> 21 | V21: =COUNTIFS(面试清单!$N:$N,"成都",面试清单!$E:$E,"电工",面试清单!$K:$K,V$16,面试清单!$J:$J,"是") -> 13 | W21: =COUNTIFS(离职清单!$N:$N,"成都",离职清单!$D:$D,"电工",离职清单!$H:$H,V$16) -> 0 | X21: =V21-W21 -> 13 | Y21: =COUNTIFS(面试清单!$N:$N,"成都",面试清单!$E:$E,"电工",面试清单!$K:$K,Y$16,面试清单!$J:$J,"是") -> 5 | Z21: =COUNTIFS(离职清单!$N:$N,"成都",离职清单!$D:$D,"电工",离职清单!$H:$H,Y$16) -> 0 | AA21: =Y21-Z21 -> 5
B22: 钳工 | C22: =COUNTIFS(面试清单!$N:$N,"成都",面试清单!$E:$E,"钳工",面试清单!$K:$K,">="&$K$2,面试清单!$J:$J,"是") -> 112 | D22: =COUNTIFS(离职清单!$N:$N,"成都",离职清单!$D:$D,"钳工",离职清单!$H:$H,">="&$K$2) -> 46 | E22: =C22-D22 -> 66 | F22: =COUNTIFS(面试清单!N:N,"成都",面试清单!E:E,"钳工",面试清单!O:O,"在职",面试清单!J:J,"是") -> 112 | G22: =COUNTIFS(面试清单!$N:$N,"成都",面试清单!$E:$E,"钳工",面试清单!$K:$K,G$16,面试清单!$J:$J,"是") -> 4 | H22: =COUNTIFS(离职清单!$N:$N,"成都",离职清单!$D:$D,"钳工",离职清单!$H:$H,G$16) -> 8 | I22: =G22-H22 -> -4 | J22: =COUNTIFS(面试清单!$N:$N,"成都",面试清单!$E:$E,"钳工",面试清单!$K:$K,J$16,面试清单!$J:$J,"是") -> 3 | K22: =COUNTIFS(离职清单!$N:$N,"成都",离职清单!$D:$D,"钳工",离职清单!$H:$H,J$16) -> 2 | L22: =J22-K22 -> 1 | M22: =COUNTIFS(面试清单!$N:$N,"成都",面试清单!$E:$E,"钳工",面试清单!$K:$K,M$16,面试清单!$J:$J,"是") -> 5 | N22: =COUNTIFS(离职清单!$N:$N,"成都",离职清单!$D:$D,"钳工",离职清单!$H:$H,M$16) -> 0 | O22: =M22-N22 -> 5 | P22: =COUNTIFS(面试清单!$N:$N,"成都",面试清单!$E:$E,"钳工",面试清单!$K:$K,P$16,面试清单!$J:$J,"是") -> 9 | Q22: =COUNTIFS(离职清单!$N:$N,"成都",离职清单!$D:$D,"钳工",离职清单!$H:$H,P$16) -> 6 | R22: =P22-Q22 -> 3 | S22: =COUNTIFS(面试清单!$N:$N,"成都",面试清单!$E:$E,"钳工",面试清单!$K:$K,S$16,面试清单!$J:$J,"是") -> 12 | T22: =COUNTIFS(离职清单!$N:$N,"成都",离职清单!$D:$D,"钳工",离职清单!$H:$H,S$16) -> 0 | U22: =S22-T22 -> 12 | V22: =COUNTIFS(面试清单!$N:$N,"成都",面试清单!$E:$E,"钳工",面试清单!$K:$K,V$16,面试清单!$J:$J,"是") -> 6 | W22: =COUNTIFS(离职清单!$N:$N,"成都",离职清单!$D:$D,"钳工",离职清单!$H:$H,V$16) -> 0 | X22: =V22-W22 -> 6 | Y22: =COUNTIFS(面试清单!$N:$N,"成都",面试清单!$E:$E,"钳工",面试清单!$K:$K,Y$16,面试清单!$J:$J,"是") -> 8 | Z22: =COUNTIFS(离职清单!$N:$N,"成都",离职清单!$D:$D,"钳工",离职清单!$H:$H,Y$16) -> 0 | AA22: =Y22-Z22 -> 8
B23: 合计 | C23: =SUM(C21:C22) -> 256 | D23: =SUM(D21:D22) -> 57 | E23: =C23-D23 -> 199 | F23: =SUM(F21:F22) -> 256 | G23: =SUM(G21:G22) -> 10 | H23: =SUM(H21:H22) -> 9 | I23: =G23-H23 -> 1 | J23: =SUM(J21:J22) -> 6 | K23: =SUM(K21:K22) -> 3 | L23: =J23-K23 -> 3 | M23: =SUM(M21:M22) -> 20 | N23: =SUM(N21:N22) -> 0 | O23: =M23-N23 -> 20 | P23: =SUM(P21:P22) -> 25 | Q23: =SUM(Q21:Q22) -> 7 | R23: =P23-Q23 -> 18 | S23: =SUM(S21:S22) -> 33 | T23: =SUM(T21:T22) -> 0 | U23: =S23-T23 -> 33 | V23: =SUM(V21:V22) -> 19 | W23: =SUM(W21:W22) -> 0 | X23: =V23-W23 -> 19 | Y23: =SUM(Y21:Y22) -> 13 | Z23: =SUM(Z21:Z22) -> 0 | AA23: =Y23-Z23 -> 13
A24: 总计 | C24: =SUM(C20,C23) -> 816 | D24: =SUM(D20,D23) -> 271 | E24: =SUM(E20,E23) -> 545 | F24: =SUM(F20,F23) -> 876 | G24: =SUM(G20,G23) -> 18 | H24: =SUM(H20,H23) -> 30 | I24: =SUM(I20,I23) -> -12 | J24: =SUM(J20,J23) -> 23 | ... AA24: =SUM(AA20,AA23) -> 49
A26: 人员结构分析报告（数据截止： | G26: =TEXT(TODAY(),"YYYY年M月D日") -> 2026年6月16日 | I26: )没有选定日期时，默认截止今天
A27: 在职人数 | D27: 起始日起总需求 | G27: 累计招聘人数 | J27: 当前缺口人数
A28: {=SUMPRODUCT(--(LEN(在职清单!$G:$G)>0))-1-COUNTIFS(在职清单!$G:$G,">"&$G$26)} -> 3831 | D28: 240 | G28: =COUNTIF(面试清单!$J:$J,"是")-COUNTIFS(面试清单!$J:$J,"是",面试清单!$K:$K,">"&$G$26) -> 992 | J28: =D28-(G28-COUNTIFS(离职清单!$H:$H,"<="&$G$26)) -> -278
A30: 大工 / 中工 / 小工 — 四维度占比分析
A31: 等级 | B31: 在职人数 | C31: 在职占比 | D31: 需求 | E31: 需求占比 | F31: 招聘完成率 | G31: 缺口数量 | H31: 缺口占比 | I31: 满足率 | J31: 紧急度 | L31: {=SUMPRODUCT(--(LEN(面试清单!$P:$P)>0))-1} -> 992
A32: 大工 | B32: =COUNTIFS(在职清单!$E:$E,$A32) -> 1637 | C32: {=IFERROR($B32/(SUMPRODUCT(--(LEN(在职清单!$B:$B)>0))-1),0)} -> 0.42730358 | D32: 0 | E32: =IFERROR(D32/SUM($D$32:$D$34),0) -> 0 | F32: =IFERROR(B32/D32,0) -> 0 | G32: =MAX(0,D32-B32) -> 0 | H32: =IFERROR(G32/SUM($G$32:$G$34),0) -> 0 | I32: =IFERROR(B32/D32,0) -> 0 | J32: =IF(H32>=0.5,"高",IF(H32>=0.2,"中","低")) -> 低
A33: 中工 | B33: =COUNTIFS(在职清单!$E:$E,$A33) -> 1321 | C33: {=IFERROR($B33/(SUMPRODUCT(--(LEN(在职清单!$B:$B)>0))-1),0)} -> 0.34481859 | D33: 0 | E33: =IFERROR(D33/SUM($D$32:$D$34),0) -> 0 | F33: =IFERROR(B33/D33,0) -> 0 | G33: =MAX(0,D33-B33) -> 0 | H33: =IFERROR(G33/SUM($G$32:$G$34),0) -> 0 | I33: =IFERROR(B33/D33,0) -> 0 | J33: =IF(H33>=0.5,"高",IF(H33>=0.2,"中","低")) -> 低
A34: 小工 | B34: =COUNTIFS(在职清单!$E:$E,$A34) -> 800 | C34: {=IFERROR($B34/(SUMPRODUCT(--(LEN(在职清单!$B:$B)>0))-1),0)} -> 0.20882276 | D34: 0 | E34: =IFERROR(D34/SUM($D$32:$D$34),0) -> 0 | F34: =IFERROR(B34/D34,0) -> 0 | G34: =MAX(0,D34-B34) -> 0 | H34: =IFERROR(G34/SUM($G$32:$G$34),0) -> 0 | I34: =IFERROR(B34/D34,0) -> 0 | J34: =IF(H34>=0.5,"高",IF(H34>=0.2,"中","低")) -> 低
A35: 合计 | B35: =SUM(B32:B34) -> 3758 | C35: =100% -> 1 | D35: =SUM(D32:D34) -> 0 | E35: =100% -> 1 | F35: =IFERROR(B35/D35,0) -> 0 | G35: =SUM(G32:G34) -> 0 | H35: =100% -> 1 | I35: =IFERROR(B35/D35,0) -> 0 | J35: -
A37: 电工 / 钳工 — 工种维度对比
A38: 工种 | B38: 在职人数 | C38: 在职占比 | D38: 需求 | E38: 需求占比 | F38: 招聘完成率 | G38: 缺口 | H38: 占总缺口比 | I38: 紧急度
A39: 电工 | B39: =COUNTIFS(面试清单!E:E,"电工",面试清单!P:P,"<>") -> 2085 | C39: =IFERROR(B39/COUNTIF(面试清单!P:P,"<>"),0) -> 0.42980829 | D39: 0 | E39: =IFERROR(D39/SUM($D$39:$D$40),0) -> 0 | F39: =IFERROR(B39/D39,0) -> 0 | G39: =MAX(0,D39-B39) -> 0 | H39: =IFERROR(G39/SUM($G$39:$G$40),0) -> 0 | I39: =IF(H39>0.5,"高",IF(H39>0,"中","充足")) -> 充足
A40: 钳工 | B40: =COUNTIFS(面试清单!E:E,"钳工",面试清单!P:P,"<>") -> 1253 | C40: =IFERROR(B40/COUNTIF(面试清单!P:P,"<>"),0) -> 0.25829726 | D40: 0 | E40: =IFERROR(D40/SUM($D$39:$D$40),0) -> 0 | F40: =IFERROR(B40/D40,0) -> 0 | G40: =MAX(0,D40-B40) -> 0 | H40: =IFERROR(G40/SUM($G$39:$G$40),0) -> 0 | I40: =IF(H40>0.5,"高",IF(H40>0,"中","充足")) -> 充足
A41: 合计 | B41: =SUM(B39:B40) -> 3338 | C41: =100% -> 1 | D41: =SUM(D39:D40) -> 0 | E41: =100% -> 1 | F41: =IFERROR(B41/D41,0) -> 0 | G41: =SUM(G39:G40) -> 0 | H41: =100% -> 1 | I41: -
A43: 四、按岗位类型统计
A44: 岗位类型 | B44: 在职人数 | C44: 累计入职 | D44: 累计离职 | E44: 占比
A45: 电工 | B45: =COUNTIFS(面试清单!E:E,"电工",面试清单!P:P,"<>") -> 2085 | C45: =COUNTIFS(面试清单!E:E,"电工",面试清单!J:J,"是") -> 535 | D45: =COUNTIF(离职清单!D:D,"电工") -> 125 | E45: =IFERROR(B45/COUNTIF(面试清单!P:P,"<>"),0) -> 0.42980829
A46: 钳工 | B46: =COUNTIFS(面试清单!E:E,"钳工",面试清单!P:P,"<>") -> 1253 | C46: =COUNTIFS(面试清单!E:E,"钳工",面试清单!J:J,"是") -> 341 | D46: =COUNTIF(离职清单!D:D,"钳工") -> 200 | E46: =IFERROR(B46/COUNTIF(面试清单!P:P,"<>"),0) -> 0.25829726
A47: 调试 | B47: =COUNTIFS(面试清单!E:E,"调试",面试清单!P:P,"<>") -> 31 | C47: =COUNTIFS(面试清单!E:E,"调试",面试清单!J:J,"是") -> 6 | D47: =COUNTIF(离职清单!D:D,"调试") -> 2 | E47: =IFERROR(B47/COUNTIF(面试清单!P:P,"<>"),0) -> 0.006390435
A48: 仓库 | B48: =COUNTIFS(面试清单!E:E,"仓库",面试清单!P:P,"<>") -> 258 | C48: =COUNTIFS(面试清单!E:E,"仓库",面试清单!J:J,"是") -> 109 | D48: =COUNTIF(离职清单!D:D,"仓库") -> 147 | E48: =IFERROR(B48/COUNTIF(面试清单!P:P,"<>"),0) -> 0.05318491
A49: 其他 | B49: =COUNTIFS(面试清单!E:E,"其他",面试清单!P:P,"<>") -> 0 | C49: =COUNTIFS(面试清单!E:E,"其他",面试清单!J:J,"是") -> 0 | D49: =COUNTIF(离职清单!D:D,"其他") -> 0 | E49: =IFERROR(B49/COUNTIF(面试清单!P:P,"<>"),0) -> 0
A51: 五、按技能等级统计
A52: 技能等级 | B52: 在职人数 | C52: 累计入职 | D52: 累计离职 | E52: 占比
A53: 大工 | B53: =COUNTIFS(面试清单!F:F,"大工",面试清单!P:P,"<>") -> 772 | C53: =COUNTIFS(面试清单!F:F,"大工",面试清单!J:J,"是") -> 218 | D53: =COUNTIF(离职清单!E:E,"大工") -> 118 | E53: =IFERROR(B53/COUNTIF(面试清单!P:P,"<>"),0) -> 0.15914244
A54: 中工 | B54: =COUNTIFS(面试清单!F:F,"中工",面试清单!P:P,"<>") -> 1451 | C54: =COUNTIFS(面试清单!F:F,"中工",面试清单!J:J,"是") -> 383 | D54: =COUNTIF(离职清单!E:E,"中工") -> 150 | E54: =IFERROR(B54/COUNTIF(面试清单!P:P,"<>"),0) -> 0.29911358
A55: 小工 | B55: =COUNTIFS(面试清单!F:F,"小工",面试清单!P:P,"<>") -> 1341 | C55: =COUNTIFS(面试清单!F:F,"小工",面试清单!J:J,"是") -> 358 | D55: =COUNTIF(离职清单!E:E,"小工") -> 192 | E55: =IFERROR(B55/COUNTIF(面试清单!P:P,"<>"),0) -> 0.27643785
A57: 六、按面试渠道对比
A58: 渠道 | B58: 面试人数 | C58: 通过人数 | D58: 报到人数 | E58: 在职人数 | F58: 通过率 | G58: 报到率 | H58: 留存率
A59: 线上 | B59: =COUNTIF(面试清单!H:H,"线上") -> 2592 | C59: =COUNTIFS(面试清单!H:H,"线上",面试清单!I:I,"通过") -> 1075 | D59: =COUNTIFS(面试清单!H:H,"线上",面试清单!J:J,"是") -> 555 | E59: =COUNTIFS(面试清单!H:H,"线上",面试清单!P:P,"<>") -> 2592 | F59: =IFERROR(C59/B59,0) -> 0.41473765 | G59: =IFERROR(D59/C59,0) -> 0.51627907 | H59: =IFERROR(E59/D59,0) -> 4.6702703
A60: 线下 | B60: =COUNTIF(面试清单!H:H,"线下") -> 1039 | C60: =COUNTIFS(面试清单!H:H,"线下",面试清单!I:I,"通过") -> 565 | D60: =COUNTIFS(面试清单!H:H,"线下",面试清单!J:J,"是") -> 437 | E60: =COUNTIFS(面试清单!H:H,"线下",面试清单!P:P,"<>") -> 1039 | F60: =IFERROR(C60/B60,0) -> 0.54379211 | G60: =IFERROR(D60/C60,0) -> 0.77345133 | H60: =IFERROR(E60/D60,0) -> 2.3775744

Sheet 面试清单
A1: 序号 | B1: 面试日期 | C1: 姓名 | D1: 身份证后四位 | E1: 岗位类型 | F1: 技能等级 | G1: 供应商 | H1: 面试渠道 | I1: 面试结果 | J1: 是否报到 | K1: 报到日期 | L1: 联系人电话 | M1: 备注 | N1: 地区 | O1: 离职状态(辅助) | P1: 在职序号(辅助)
A2: =IF(B2<>"",ROW()-1,"") -> 1 | B2: 46174 | C2: 黄鹏云 | D2: 0002 | E2: 电工 | F2: 大工 | G2: 共辉 | H2: 线下 | I2: 通过 | J2: 否 | K2: 46174 | N2: 江门 | O2: =IF(D2="","",IF(COUNTIF(离职清单!C:C,D2)>0,"已离职","在职")) -> 在职 | P2: =IF(AND(O2="在职",J2="是"),COUNTIF(O$2:O2,"在职"),"")
A3: =IF(B3<>"",ROW()-1,"") -> 2 | B3: 46174 | C3: 何岸兰 | D3: 0003 | E3: 电工 | F3: 小工 | G3: 共辉 | H3: 线下 | I3: 通过 | J3: 否 | K3: 46174 | N3: 江门 | O3: =IF(D3="","",IF(COUNTIF(离职清单!C:C,D3)>0,"已离职","在职")) -> 在职 | P3: =IF(AND(O3="在职",J3="是"),COUNTIF(O$2:O3,"在职"),"")
A4: =IF(B4<>"",ROW()-1,"") -> 3 | B4: 46174 | C4: 梁永康 | D4: 0004 | E4: 电工 | F4: 小工 | G4: 慧城 | H4: 线下 | I4: 不通过 | J4: 否 | K4: 46174 | N4: 江门 | O4: =IF(D4="","",IF(COUNTIF(离职清单!C:C,D4)>0,"已离职","在职")) -> 在职 | P4: =IF(AND(O4="在职",J4="是"),COUNTIF(O$2:O4,"在职"),"")
A5: =IF(B5<>"",ROW()-1,"") -> 4 | B5: 46174 | C5: 曹书豪 | D5: 0005 | E5: 电工 | F5: 小工 | G5: 慧城 | H5: 线下 | I5: 通过 | J5: 是 | K5: 46174 | N5: 江门 | O5: =IF(D5="","",IF(COUNTIF(离职清单!C:C,D5)>0,"已离职","在职")) -> 在职 | P5: =IF(AND(O5="在职",J5="是"),COUNTIF(O$2:O5,"在职"),"") -> 4
A6: =IF(B6<>"",ROW()-1,"") -> 5 | B6: 46174 | C6: 蓝枫 | D6: 0006 | E6: 电工 | F6: 小工 | G6: 智邦 | H6: 线下 | I6: 通过 | J6: 是 | K6: 46174 | N6: 江门 | O6: =IF(D6="","",IF(COUNTIF(离职清单!C:C,D6)>0,"已离职","在职")) -> 在职 | P6: =IF(AND(O6="在职",J6="是"),COUNTIF(O$2:O6,"在职"),"") -> 5
A7: =IF(B7<>"",ROW()-1,"") -> 6 | B7: 46174 | C7: 唐嘉 | D7: 0007 | E7: 钳工 | F7: 小工 | G7: 智邦 | H7: 线下 | I7: 不通过 | J7: 否 | K7: 46174 | N7: 江门 | O7: =IF(D7="","",IF(COUNTIF(离职清单!C:C,D7)>0,"已离职","在职")) -> 在职 | P7: =IF(AND(O7="在职",J7="是"),COUNTIF(O$2:O7,"在职"),"")
A8: =IF(B8<>"",ROW()-1,"") -> 7 | B8: 46174 | C8: 陶召健 | D8: 0008 | E8: 电工 | F8: 小工 | G8: 智邦 | H8: 线下 | I8: 不通过 | J8: 否 | K8: 46174 | N8: 江门 | O8: =IF(D8="","",IF(COUNTIF(离职清单!C:C,D8)>0,"已离职","在职")) -> 在职 | P8: =IF(AND(O8="在职",J8="是"),COUNTIF(O$2:O8,"在职"),"")
A9: =IF(B9<>"",ROW()-1,"") -> 8 | B9: 46174 | C9: 陈峰真 | D9: 0009 | E9: 钳工 | F9: 中工 | G9: 慧通 | H9: 线下 | I9: 通过 | J9: 是 | K9: 46174 | N9: 江门 | O9: =IF(D9="","",IF(COUNTIF(离职清单!C:C,D9)>0,"已离职","在职")) -> 在职 | P9: =IF(AND(O9="在职",J9="是"),COUNTIF(O$2:O9,"在职"),"") -> 8
A10: =IF(B10<>"",ROW()-1,"") -> 9 | B10: 46174 | C10: 莫振旺 | D10: 0010 | E10: 钳工 | F10: 小工 | G10: 慧通 | H10: 线下 | I10: 不通过 | J10: 否 | K10: 46174 | N10: 江门 | O10: =IF(D10="","",IF(COUNTIF(离职清单!C:C,D10)>0,"已离职","在职")) -> 已离职 | P10: =IF(AND(O10="在职",J10="是"),COUNTIF(O$2:O10,"在职"),"")
A11: =IF(B11<>"",ROW()-1,"") -> 10 | B11: 46174 | C11: 刘玉龙 | D11: 0011 | E11: 电工 | F11: 小工 | G11: 赞华 | H11: 线下 | I11: 不通过 | J11: 否 | K11: 46174 | N11: 江门 | O11: =IF(D11="","",IF(COUNTIF(离职清单!C:C,D11)>0,"已离职","在职")) -> 已离职 | P11: =IF(AND(O11="在职",J11="是"),COUNTIF(O$2:O11,"在职"),"")
A12: =IF(B12<>"",ROW()-1,"") -> 11 | B12: 46174 | C12: 李君朋 | D12: 0012 | E12: 钳工 | F12: 中工 | G12: 杰威 | H12: 线下 | I12: 通过 | J12: 否 | K12: 46174 | N12: 江门 | O12: =IF(D12="","",IF(COUNTIF(离职清单!C:C,D12)>0,"已离职","在职")) -> 在职 | P12: =IF(AND(O12="在职",J12="是"),COUNTIF(O$2:O12,"在职"),"")
A13: =IF(B13<>"",ROW()-1,"") -> 12 | B13: 46174 | C13: 赖建丞 | D13: 0013 | E13: 仓库 | F13: 小工 | G13: 华伟 | H13: 线下 | I13: 通过 | J13: 是 | K13: 46174 | N13: 江门 | O13: =IF(D13="","",IF(COUNTIF(离职清单!C:C,D13)>0,"已离职","在职")) -> 在职 | P13: =IF(AND(O13="在职",J13="是"),COUNTIF(O$2:O13,"在职"),"") -> 10
... A917: =IF(B917<>"",ROW()-1,"") -> 916 | B917: 46187 | C917: 梁勇 | D917: 0212 | E917: 电工 | F917: 小工 | G917: 聘得宝 | H917: 线下 | I917: 不通过 | J917: 否 | K917: 46187 | N917: 江门 | O917: =IF(D917="","",IF(COUNTIF(离职清单!C:C,D917)>0,"已离职","在职")) -> 在职 | P917: =IF(AND(O917="在职",J917="是"),COUNTIF(O$2:O917,"在职"),"")
A918: =IF(B918<>"",ROW()-1,"") -> 917 | B918: 46174 | C918: 虞志友 | D918: 0214 | E918: 钳工 | F918: 中工 | G918: 技为 | H918: 线上 | I918: 通过 | J918: 否 | N918: 江门 | O918: =IF(D918="","",IF(COUNTIF(离职清单!C:C,D918)>0,"已离职","在职")) -> 在职 | P918: =IF(AND(O918="在职",J918="是"),COUNTIF(O$2:O918,"在职"),"")
A919: =IF(B919<>"",ROW()-1,"") -> 918 | B919: 46174 | C919: 严传玖 | D919: 0217 | E919: 钳工 | F919: 中工 | G919: 技为 | H919: 线上 | I919: 通过 | J919: 否 | N919: 江门 | O919: =IF(D919="","",IF(COUNTIF(离职清单!C:C,D919)>0,"已离职","在职")) -> 在职 | P919: =IF(AND(O919="在职",J919="是"),COUNTIF(O$2:O919,"在职"),"")
A920: =IF(B920<>"",ROW()-1,"") -> 919 | B920: 46174 | C920: 喻龙 | D920: 0218 | E920: 钳工 | F920: 小工 | G920: 技为 | H920: 线上 | I920: 通过 | J920: 否 | N920: 江门 | O920: =IF(D920="","",IF(COUNTIF(离职清单!C:C,D920)>0,"已离职","在职")) -> 在职 | P920: =IF(AND(O920="在职",J920="是"),COUNTIF(O$2:O920,"在职"),"")
A921: =IF(B921<>"",ROW()-1,"") -> 920 | B921: 46174 | C921: 唐仕斌 | D921: 0220 | E921: 钳工 | F921: 大工 | G921: 技为 | H921: 线上 | I921: 通过 | J921: 是 | K921: 46176 | N921: 江门 | O921: =IF(D921="","",IF(COUNTIF(离职清单!C:C,D921)>0,"已离职","在职")) -> 在职 | P921: =IF(AND(O921="在职",J921="是"),COUNTIF(O$2:O921,"在职"),"") -> 914
A922: =IF(B922<>"",ROW()-1,"") -> 921 | B922: 46174 | C922: 汤智略 | D922: 0221 | E922: 钳工 | F922: 小工 | G922: 创信达 | H922: 线上 | I922: 通过 | J922: 否 | N922: 江门 | O922: =IF(D922="","",IF(COUNTIF(离职清单!C:C,D922)>0,"已离职","在职")) -> 在职 | P922: =IF(AND(O922="在职",J922="是"),COUNTIF(O$2:O922,"在职"),"")
A923: =IF(B923<>"",ROW()-1,"") -> 922 | B923: 46174 | C923: 陈山旗 | D923: 0222 | E923: 钳工 | F923: 小工 | G923: 技为 | H923: 线上 | I923: 通过 | J923: 否 | N923: 江门 | O923: =IF(D923="","",IF(COUNTIF(离职清单!C:C,D923)>0,"已离职","在职")) -> 在职 | P923: =IF(AND(O923="在职",J923="是"),COUNTIF(O$2:O923,"在职"),"")
A924: =IF(B924<>"",ROW()-1,"") -> 923 | B924: 46174 | C924: 李帅 | D924: 0208 | E924: 钳工 | F924: 大工 | G924: 赞华 | H924: 线上 | I924: 通过 | J924: 否 | N924: 江门 | O924: =IF(D924="","",IF(COUNTIF(离职清单!C:C,D924)>0,"已离职","在职")) -> 在职 | P924: =IF(AND(O924="在职",J924="是"),COUNTIF(O$2:O924,"在职"),"")
A925: =IF(B925<>"",ROW()-1,"") -> 924 | B925: 46174 | C925: 任晓飞 | D925: 0209 | E925: 钳工 | F925: 大工 | G925: 科为 | H925: 线上 | I925: 通过 | J925: 否 | K925: 46176 | N925: 江门 | O925: =IF(D925="","",IF(COUNTIF(离职清单!C:C,D925)>0,"已离职","在职")) -> 在职 | P925: =IF(AND(O925="在职",J925="是"),COUNTIF(O$2:O925,"在职"),"")
A926: =IF(B926<>"",ROW()-1,"") -> 925 | B926: 46174 | C926: 骆双红 | D926: 0212 | E926: 钳工 | F926: 中工 | G926: 奕晨 | H926: 线上 | I926: 通过 | J926: 是 | K926: 46175 | N926: 江门 | O926: =IF(D926="","",IF(COUNTIF(离职清单!C:C,D926)>0,"已离职","在职")) -> 在职 | P926: =IF(AND(O926="在职",J926="是"),COUNTIF(O$2:O926,"在职"),"") -> 919
A927: =IF(B927<>"",ROW()-1,"") -> 926 | B927: 46174 | C927: 张惠敏 | D927: 0214 | E927: 钳工 | F927: 大工 | G927: 赞华 | H927: 线上 | I927: 通过 | J927: 否 | K927: 46175 | N927: 江门 | O927: =IF(D927="","",IF(COUNTIF(离职清单!C:C,D927)>0,"已离职","在职")) -> 在职 | P927: =IF(AND(O927="在职",J927="是"),COUNTIF(O$2:O927,"在职"),"")
A928: =IF(B928<>"",ROW()-1,"") -> 927 | B928: 46174 | C928: 乐黎武 | D928: 0217 | E928: 钳工 | F928: 小工 | G928: 智邦 | H928: 线上 | I928: 通过 | J928: 否 | N928: 江门 | O928: =IF(D928="","",IF(COUNTIF(离职清单!C:C,D928)>0,"已离职","在职")) -> 在职 | P928: =IF(AND(O928="在职",J928="是"),COUNTIF(O$2:O928,"在职"),"")
A929: =IF(B929<>"",ROW()-1,"") -> 928 | B929: 46174 | C929: 封宏瀚 | D929: 0218 | E929: 钳工 | F929: 大工 | G929: 慧通 | H929: 线上 | I929: 通过 | J929: 否 | K929: 46175 | N929: 江门 | O929: =IF(D929="","",IF(COUNTIF(离职清单!C:C,D929)>0,"已离职","在职")) -> 在职 | P929: =IF(AND(O929="在职",J929="是"),COUNTIF(O$2:O929,"在职"),"")
A930: =IF(B930<>"",ROW()-1,"") -> 929 | B930: 46174 | C930: 李金华 | D930: 0220 | E930: 钳工 | F930: 中工 | G930: 慧通 | H930: 线上 | I930: 通过 | J930: 否 | K930: 46175 | N930: 江门 | O930: =IF(D930="","",IF(COUNTIF(离职清单!C:C,D930)>0,"已离职","在职")) -> 在职 | P930: =IF(AND(O930="在职",J930="是"),COUNTIF(O$2:O930,"在职"),"")
A931: =IF(B931<>"",ROW()-1,"") -> 930 | B931: 46174 | C931: 李顺杰 | D931: 0221 | E931: 钳工 | F931: 大工 | G931: 赞华 | H931: 线上 | I931: 通过 | J931: 否 | N931: 江门 | O931: =IF(D931="","",IF(COUNTIF(离职清单!C:C,D931)>0,"已离职","在职")) -> 在职 | P931: =IF(AND(O931="在职",J931="是"),COUNTIF(O$2:O931,"在职"),"")
A932: =IF(B932<>"",ROW()-1,"") -> 931 | B932: 46174 | C932: 黄宜冰 | D932: 0222 | E932: 钳工 | F932: 中工 | G932: 赞华 | H932: 线上 | I932: 通过 | J932: 否 | N932: 江门 | O932: =IF(D932="","",IF(COUNTIF(离职清单!C:C,D932)>0,"已离职","在职")) -> 在职 | P932: =IF(AND(O932="在职",J932="是"),COUNTIF(O$2:O932,"在职"),"")
A933: =IF(B933<>"",ROW()-1,"") -> 932 | B933: 46174 | C933: 张鸿茂 | D933: 0208 | E933: 钳工 | F933: 中工 | G933: 赞华 | H933: 线上 | I933: 通过 | J933: 否 | K933: 46175 | N933: 江门 | O933: =IF(D933="","",IF(COUNTIF(离职清单!C:C,D933)>0,"已离职","在职")) -> 在职 | P933: =IF(AND(O933="在职",J933="是"),COUNTIF(O$2:O933,"在职"),"")
A934: =IF(B934<>"",ROW()-1,"") -> 933 | B934: 46174 | C934: 汪哲 | D934: 0209 | E934: 钳工 | F934: 中工 | G934: 赞华 | H934: 线上 | I934: 通过 | J934: 否 | N934: 江门 | O934: =IF(D934="","",IF(COUNTIF(离职清单!C:C,D934)>0,"已离职","在职")) -> 在职 | P934: =IF(AND(O934="在职",J934="是"),COUNTIF(O$2:O934,"在职"),"")
A935: =IF(B935<>"",ROW()-1,"") -> 934 | B935: 46174 | C935: 林添仁 | D935: 0212 | E935: 钳工 | F935: 大工 | G935: 杰威 | H935: 线上 | I935: 通过 | J935: 否 | K935: 46176 | N935: 江门 | O935: =IF(D935="","",IF(COUNTIF(离职清单!C:C,D935)>0,"已离职","在职")) -> 在职 | P935: =IF(AND(O935="在职",J935="是"),COUNTIF(O$2:O935,"在职"),"")
A936: =IF(B936<>"",ROW()-1,"") -> 935 | B936: 46174 | C936: 陈历文 | D936: 0214 | E936: 钳工 | F936: 大工 | G936: 杰威 | H936: 线上 | I936: 通过 | J936: 否 | N936: 江门 | O936: =IF(D936="","",IF(COUNTIF(离职清单!C:C,D936)>0,"已离职","在职")) -> 在职 | P936: =IF(AND(O936="在职",J936="是"),COUNTIF(O$2:O936,"在职"),"")
A937: =IF(B937<>"",ROW()-1,"") -> 936 | B937: 46174 | C937: 陈毅 | D937: 0217 | E937: 钳工 | F937: 大工 | G937: 杰威 | H937: 线上 | I937: 通过 | J937: 否 | N937: 江门 | O937: =IF(D937="","",IF(COUNTIF(离职清单!C:C,D937)>0,"已离职","在职")) -> 在职 | P937: =IF(AND(O937="在职",J937="是"),COUNTIF(O$2:O937,"在职"),"")
A938: =IF(B938<>"",ROW()-1,"") -> 937 | B938: 46174 | C938: 肖体刚 | D938: 0218 | E938: 钳工 | F938: 中工 | G938: 薪向往 | H938: 线上 | I938: 通过 | J938: 是 | K938: 46175 | N938: 江门 | O938: =IF(D938="","",IF(COUNTIF(离职清单!C:C,D938)>0,"已离职","在职")) -> 在职 | P938: =IF(AND(O938="在职",J938="是"),COUNTIF(O$2:O938,"在职"),"") -> 931
A939: =IF(B939<>"",ROW()-1,"") -> 938 | B939: 46174 | C939: 李腾飞 | D939: 0220 | E939: 钳工 | F939: 中工 | G939: 薪向往 | H939: 线上 | I939: 通过 | J939: 否 | K939: 46175 | N939: 江门 | O939: =IF(D939="","",IF(COUNTIF(离职清单!C:C,D939)>0,"已离职","在职")) -> 在职 | P939: =IF(AND(O939="在职",J939="是"),COUNTIF(O$2:O939,"在职"),"")
A940: =IF(B940<>"",ROW()-1,"") -> 939 | B940: 46174 | C940: 付义龙 | D940: 0221 | E940: 钳工 | F940: 大工 | G940: 科为 | H940: 线上 | I940: 通过 | J940: 是 | K940: 46176 | N940: 江门 | O940: =IF(D940="","",IF(COUNTIF(离职清单!C:C,D940)>0,"已离职","在职")) -> 在职 | P940: =IF(AND(O940="在职",J940="是"),COUNTIF(O$2:O940,"在职"),"") -> 933
A941: =IF(B941<>"",ROW()-1,"") -> 940 | B941: 46174 | C941: 时旺旺 | D941: 0222 | E941: 钳工 | F941: 中工 | G941: 技为 | H941: 线上 | I941: 通过 | J941: 否 | N941: 江门 | O941: =IF(D941="","",IF(COUNTIF(离职清单!C:C,D941)>0,"已离职","在职")) -> 在职 | P941: =IF(AND(O941="在职",J941="是"),COUNTIF(O$2:O941,"在职"),"")
A942: =IF(B942<>"",ROW()-1,"") -> 941 | B942: 46174 | C942: 田进 | D942: 0208 | E942: 钳工 | F942: 中工 | G942: 技为 | H942: 线上 | I942: 通过 | J942: 否 | N942: 江门 | O942: =IF(D942="","",IF(COUNTIF(离职清单!C:C,D942)>0,"已离职","在职")) -> 在职 | P942: =IF(AND(O942="在职",J942="是"),COUNTIF(O$2:O942,"在职"),"")
A943: =IF(B943<>"",ROW()-1,"") -> 942 | B943: 46174 | C943: 周斌斌 | D943: 0209 | E943: 钳工 | F943: 中工 | G943: 技为 | H943: 线上 | I943: 通过 | J943: 否 | N943: 江门 | O943: =IF(D943="","",IF(COUNTIF(离职清单!C:C,D943)>0,"已离职","在职")) -> 在职 | P943: =IF(AND(O943="在职",J943="是"),COUNTIF(O$2:O943,"在职"),"")
A944: =IF(B944<>"",ROW()-1,"") -> 943 | B944: 46174 | C944: 黄圆 | D944: 0212 | E944: 钳工 | F944: 中工 | G944: 技为 | H944: 线上 | I944: 通过 | J944: 否 | N944: 江门 | O944: =IF(D944="","",IF(COUNTIF(离职清单!C:C,D944)>0,"已离职","在职")) -> 在职 | P944: =IF(AND(O944="在职",J944="是"),COUNTIF(O$2:O944,"在职"),"")
A945: =IF(B945<>"",ROW()-1,"") -> 944 | B945: 46174 | C945: 肖鑫 | D945: 0214 | E945: 钳工 | F945: 中工 | G945: 薪向往 | H945: 线上 | I945: 通过 | J945: 否 | K945: 46175 | N945: 江门 | O945: =IF(D945="","",IF(COUNTIF(离职清单!C:C,D945)>0,"已离职","在职")) -> 在职 | P945: =IF(AND(O945="在职",J945="是"),COUNTIF(O$2:O945,"在职"),"")
A946: =IF(B946<>"",ROW()-1,"") -> 945 | B946: 46174 | C946: 龙庆 | D946: 0217 | E946: 电工 | F946: 中工 | G946: 技为 | H946: 线上 | I946: 通过 | J946: 是 | K946: 46176 | N946: 江门 | O946: =IF(D946="","",IF(COUNTIF(离职清单!C:C,D946)>0,"已离职","在职")) -> 在职 | P946: =IF(AND(O946="在职",J946="是"),COUNTIF(O$2:O946,"在职"),"") -> 939
A947: =IF(B947<>"",ROW()-1,"") -> 946 | B947: 46174 | C947: 吴军煌 | D947: 0218 | E947: 电工 | F947: 中工 | G947: 技为 | H947: 线上 | I947: 通过 | J947: 是 | K947: 46176 | N947: 江门 | O947: =IF(D947="","",IF(COUNTIF(离职清单!C:C,D947)>0,"已离职","在职")) -> 在职 | P947: =IF(AND(O947="在职",J947="是"),COUNTIF(O$2:O947,"在职"),"") -> 940
A948: =IF(B948<>"",ROW()-1,"") -> 947 | B948: 46174 | C948: 谭彬 | D948: 0220 | E948: 电工 | F948: 中工 | G948: 技为 | H948: 线上 | I948: 通过 | J948: 是 | K948: 46175 | N948: 江门 | O948: =IF(D948="","",IF(COUNTIF(离职清单!C:C,D948)>0,"已离职","在职")) -> 在职 | P948: =IF(AND(O948="在职",J948="是"),COUNTIF(O$2:O948,"在职"),"") -> 941
A949: =IF(B949<>"",ROW()-1,"") -> 948 | B949: 46174 | C949: 朱震扬 | D949: 0221 | E949: 电工 | F949: 中工 | G949: 技为 | H949: 线上 | I949: 通过 | J949: 否 | N949: 江门 | O949: =IF(D949="","",IF(COUNTIF(离职清单!C:C,D949)>0,"已离职","在职")) -> 在职 | P949: =IF(AND(O949="在职",J949="是"),COUNTIF(O$2:O949,"在职"),"")
A950: =IF(B950<>"",ROW()-1,"") -> 949 | B950: 46174 | C950: 覃荣明 | D950: 0222 | E950: 电工 | F950: 小工 | G950: 赞华 | H950: 线上 | I950: 通过 | J950: 否 | N950: 江门 | O950: =IF(D950="","",IF(COUNTIF(离职清单!C:C,D950)>0,"已离职","在职")) -> 在职 | P950: =IF(AND(O950="在职",J950="是"),COUNTIF(O$2:O950,"在职"),"")
A951: =IF(B951<>"",ROW()-1,"") -> 950 | B951: 46174 | C951: 孙平 | D951: 0208 | E951: 电工 | F951: 大工 | G951: 赞华 | H951: 线上 | I951: 通过 | J951: 否 | K951: 46178 | N951: 江门 | O951: =IF(D951="","",IF(COUNTIF(离职清单!C:C,D951)>0,"已离职","在职")) -> 在职 | P951: =IF(AND(O951="在职",J951="是"),COUNTIF(O$2:O951,"在职"),"")
A952: =IF(B952<>"",ROW()-1,"") -> 951 | B952: 46174 | C952: 石卯松 | D952: 0208 | E952: 电工 | F952: 大工 | G952: 科为 | H952: 线上 | I952: 通过 | J952: 是 | K952: 46175 | N952: 江门 | O952: =IF(D952="","",IF(COUNTIF(离职清单!C:C,D952)>0,"已离职","在职")) -> 在职 | P952: =IF(AND(O952="在职",J952="是"),COUNTIF(O$2:O952,"在职"),"") -> 945
A953: =IF(B953<>"",ROW()-1,"") -> 952 | B953: 46174 | C953: 梁经伟 | D953: 0209 | E953: 电工 | F953: 大工 | G953: 智保 | H953: 线上 | I953: 通过 | J953: 否 | K953: 46175 | N953: 江门 | O953: =IF(D953="","",IF(COUNTIF(离职清单!C:C,D953)>0,"已离职","在职")) -> 在职 | P953: =IF(AND(O953="在职",J953="是"),COUNTIF(O$2:O953,"在职"),"")
A954: =IF(B954<>"",ROW()-1,"") -> 953 | B954: 46174 | C954: 韩太军 | D954: 0212 | E954: 电工 | F954: 大工 | G954: 宇成 | H954: 线上 | I954: 通过 | J954: 否 | N954: 江门 | O954: =IF(D954="","",IF(COUNTIF(离职清单!C:C,D954)>0,"已离职","在职")) -> 在职 | P954: =IF(AND(O954="在职",J954="是"),COUNTIF(O$2:O954,"在职"),"")
A955: =IF(B955<>"",ROW()-1,"") -> 954 | B955: 46174 | C955: 潘彭峰 | D955: 0214 | E955: 电工 | F955: 中工 | G955: 鼎兴 | H955: 线上 | I955: 通过 | J955: 是 | K955: 46175 | N955: 江门 | O955: =IF(D955="","",IF(COUNTIF(离职清单!C:C,D955)>0,"已离职","在职")) -> 在职 | P955: =IF(AND(O955="在职",J955="是"),COUNTIF(O$2:O955,"在职"),"") -> 948
A956: =IF(B956<>"",ROW()-1,"") -> 955 | B956: 46174 | C956: 蒋立群 | D956: 0217 | E956: 电工 | F956: 大工 | G956: 鼎兴 | H956: 线上 | I956: 通过 | J956: 是 | K956: 46175 | N956: 江门 | O956: =IF(D956="","",IF(COUNTIF(离职清单!C:C,D956)>0,"已离职","在职")) -> 在职 | P956: =IF(AND(O956="在职",J956="是"),COUNTIF(O$2:O956,"在职"),"") -> 949
A957: =IF(B957<>"",ROW()-1,"") -> 956 | B957: 46174 | C957: 雷纯超 | D957: 0218 | E957: 电工 | F957: 大工 | G957: 奕晨 | H957: 线上 | I957: 通过 | J957: 是 | K957: 46175 | N957: 江门 | O957: =IF(D957="","",IF(COUNTIF(离职清单!C:C,D957)>0,"已离职","在职")) -> 在职 | P957: =IF(AND(O957="在职",J957="是"),COUNTIF(O$2:O957,"在职"),"") -> 950
A958: =IF(B958<>"",ROW()-1,"") -> 957 | B958: 46174 | C958: 张泽堂 | D958: 0220 | E958: 电工 | F958: 中工 | G958: 奕晨 | H958: 线上 | I958: 通过 | J958: 否 | N958: 江门 | O958: =IF(D958="","",IF(COUNTIF(离职清单!C:C,D958)>0,"已离职","在职")) -> 在职 | P958: =IF(AND(O958="在职",J958="是"),COUNTIF(O$2:O958,"在职"),"")
A959: =IF(B959<>"",ROW()-1,"") -> 958 | B959: 46174 | C959: 齐培旭 | D959: 0221 | E959: 电工 | F959: 大工 | G959: 奕晨 | H959: 线上 | I959: 通过 | J959: 否 | K959: 46179 | N959: 江门 | O959: =IF(D959="","",IF(COUNTIF(离职清单!C:C,D959)>0,"已离职","在职")) -> 在职 | P959: =IF(AND(O959="在职",J959="是"),COUNTIF(O$2:O959,"在职"),"")
A960: =IF(B960<>"",ROW()-1,"") -> 959 | B960: 46174 | C960: 王孝权 | D960: 0222 | E960: 电工 | F960: 大工 | G960: 聘得宝 | H960: 线上 | I960: 通过 | J960: 是 | K960: 46175 | N960: 江门 | O960: =IF(D960="","",IF(COUNTIF(离职清单!C:C,D960)>0,"已离职","在职")) -> 在职 | P960: =IF(AND(O960="在职",J960="是"),COUNTIF(O$2:O960,"在职"),"") -> 953
A961: =IF(B961<>"",ROW()-1,"") -> 960 | B961: 46174 | C961: 张爱华 | D961: 0208 | E961: 电工 | F961: 中工 | G961: 优尔蓝 | H961: 线上 | I961: 通过 | J961: 是 | K961: 46177 | N961: 江门 | O961: =IF(D961="","",IF(COUNTIF(离职清单!C:C,D961)>0,"已离职","在职")) -> 在职 | P961: =IF(AND(O961="在职",J961="是"),COUNTIF(O$2:O961,"在职"),"") -> 954
A962: =IF(B962<>"",ROW()-1,"") -> 961 | B962: 46174 | C962: 何洪旭 | D962: 0209 | E962: 电工 | F962: 小工 | G962: 总才 | H962: 线上 | I962: 通过 | J962: 否 | N962: 江门 | O962: =IF(D962="","",IF(COUNTIF(离职清单!C:C,D962)>0,"已离职","在职")) -> 在职 | P962: =IF(AND(O962="在职",J962="是"),COUNTIF(O$2:O962,"在职"),"")
A963: =IF(B963<>"",ROW()-1,"") -> 962 | B963: 46174 | C963: 李金华 | D963: 0212 | E963: 电工 | F963: 中工 | G963: 总才 | H963: 线上 | I963: 通过 | J963: 否 | K963: 46176 | N963: 江门 | O963: =IF(D963="","",IF(COUNTIF(离职清单!C:C,D963)>0,"已离职","在职")) -> 在职 | P963: =IF(AND(O963="在职",J963="是"),COUNTIF(O$2:O963,"在职"),"")
A964: =IF(B964<>"",ROW()-1,"") -> 963 | B964: 46174 | C964: 鄢盛辉 | D964: 0214 | E964: 电工 | F964: 中工 | G964: 慧通 | H964: 线上 | I964: 通过 | J964: 否 | N964: 江门 | O964: =IF(D964="","",IF(COUNTIF(离职清单!C:C,D964)>0,"已离职","在职")) -> 在职 | P964: =IF(AND(O964="在职",J964="是"),COUNTIF(O$2:O964,"在职"),"")
A965: =IF(B965<>"",ROW()-1,"") -> 964 | B965: 46174 | C965: 洪恩平 | D965: 0217 | E965: 电工 | F965: 中工 | G965: 慧通 | H965: 线上 | I965: 通过 | J965: 否 | K965: 46175 | N965: 江门 | O965: =IF(D965="","",IF(COUNTIF(离职清单!C:C,D965)>0,"已离职","在职")) -> 在职 | P965: =IF(AND(O965="在职",J965="是"),COUNTIF(O$2:O965,"在职"),"")
A966: =IF(B966<>"",ROW()-1,"") -> 965 | B966: 46174 | C966: 程全国 | D966: 0218 | E966: 电工 | F966: 小工 | G966: 赞华 | H966: 线上 | I966: 通过 | J966: 否 | N966: 江门 | O966: =IF(D966="","",IF(COUNTIF(离职清单!C:C,D966)>0,"已离职","在职")) -> 在职 | P966: =IF(AND(O966="在职",J966="是"),COUNTIF(O$2:O966,"在职"),"")
A967: =IF(B967<>"",ROW()-1,"") -> 966 | B967: 46174 | C967: 杨远新 | D967: 0220 | E967: 电工 | F967: 大工 | G967: 淘金 | H967: 线上 | I967: 通过 | J967: 否 | N967: 江门 | O967: =IF(D967="","",IF(COUNTIF(离职清单!C:C,D967)>0,"已离职","在职")) -> 在职 | P967: =IF(AND(O967="在职",J967="是"),COUNTIF(O$2:O967,"在职"),"")
A968: =IF(B968<>"",ROW()-1,"") -> 967 | B968: 46174 | C968: 黄良昆 | D968: 0221 | E968: 电工 | F968: 中工 | G968: 淘金 | H968: 线上 | I968: 通过 | J968: 否 | N968: 江门 | O968: =IF(D968="","",IF(COUNTIF(离职清单!C:C,D968)>0,"已离职","在职")) -> 在职 | P968: =IF(AND(O968="在职",J968="是"),COUNTIF(O$2:O968,"在职"),"")
A969: =IF(B969<>"",ROW()-1,"") -> 968 | B969: 46174 | C969: 石中玉 | D969: 0222 | E969: 电工 | F969: 中工 | G969: 淘金 | H969: 线上 | I969: 通过 | J969: 是 | K969: 46178 | N969: 江门 | O969: =IF(D969="","",IF(COUNTIF(离职清单!C:C,D969)>0,"已离职","在职")) -> 在职 | P969: =IF(AND(O969="在职",J969="是"),COUNTIF(O$2:O969,"在职"),"") -> 962
A970: =IF(B970<>"",ROW()-1,"") -> 969 | B970: 46174 | C970: 何智伟 | D970: 0208 | E970: 电工 | F970: 小工 | G970: 淘金 | H970: 线上 | I970: 通过 | J970: 否 | N970: 江门 | O970: =IF(D970="","",IF(COUNTIF(离职清单!C:C,D970)>0,"已离职","在职")) -> 在职 | P970: =IF(AND(O970="在职",J970="是"),COUNTIF(O$2:O970,"在职"),"")
A971: =IF(B971<>"",ROW()-1,"") -> 970 | B971: 46174 | C971: 张伙金 | D971: 0209 | E971: 电工 | F971: 中工 | G971: 津昌 | H971: 线上 | I971: 通过 | J971: 是 | K971: 46176 | N971: 江门 | O971: =IF(D971="","",IF(COUNTIF(离职清单!C:C,D971)>0,"已离职","在职")) -> 在职 | P971: =IF(AND(O971="在职",J971="是"),COUNTIF(O$2:O971,"在职"),"") -> 964
A972: =IF(B972<>"",ROW()-1,"") -> 971 | B972: 46174 | C972: 朱宁宁 | D972: 0212 | E972: 电工 | F972: 中工 | G972: 科为 | H972: 线上 | I972: 通过 | J972: 否 | K972: 46175 | N972: 江门 | O972: =IF(D972="","",IF(COUNTIF(离职清单!C:C,D972)>0,"已离职","在职")) -> 在职 | P972: =IF(AND(O972="在职",J972="是"),COUNTIF(O$2:O972,"在职"),"")
A973: =IF(B973<>"",ROW()-1,"") -> 972 | B973: 46174 | C973: 夏静静 | D973: 0214 | E973: 电工 | F973: 中工 | G973: 科为 | H973: 线上 | I973: 通过 | J973: 否 | K973: 46176 | N973: 江门 | O973: =IF(D973="","",IF(COUNTIF(离职清单!C:C,D973)>0,"已离职","在职")) -> 在职 | P973: =IF(AND(O973="在职",J973="是"),COUNTIF(O$2:O973,"在职"),"")
A974: =IF(B974<>"",ROW()-1,"") -> 973 | B974: 46174 | C974: 谭孝波 | D974: 0217 | E974: 电工 | F974: 大工 | G974: 科为 | H974: 线上 | I974: 通过 | J974: 否 | K974: 46178 | N974: 江门 | O974: =IF(D974="","",IF(COUNTIF(离职清单!C:C,D974)>0,"已离职","在职")) -> 在职 | P974: =IF(AND(O974="在职",J974="是"),COUNTIF(O$2:O974,"在职"),"")
A975: =IF(B975<>"",ROW()-1,"") -> 974 | B975: 46174 | C975: 贺涛 | D975: 0218 | E975: 电工 | F975: 小工 | G975: 技为 | H975: 线上 | I975: 通过 | J975: 否 | N975: 江门 | O975: =IF(D975="","",IF(COUNTIF(离职清单!C:C,D975)>0,"已离职","在职")) -> 在职 | P975: =IF(AND(O975="在职",J975="是"),COUNTIF(O$2:O975,"在职"),"")
A976: =IF(B976<>"",ROW()-1,"") -> 975 | B976: 46174 | C976: 廖亮 | D976: 0220 | E976: 电工 | F976: 中工 | G976: 技为 | H976: 线上 | I976: 通过 | J976: 否 | K976: 46176 | N976: 江门 | O976: =IF(D976="","",IF(COUNTIF(离职清单!C:C,D976)>0,"已离职","在职")) -> 在职 | P976: =IF(AND(O976="在职",J976="是"),COUNTIF(O$2:O976,"在职"),"")
A977: =IF(B977<>"",ROW()-1,"") -> 976 | B977: 46174 | C977: 胥松林 | D977: 0221 | E977: 电工 | F977: 中工 | G977: 技为 | H977: 线上 | I977: 通过 | J977: 是 | K977: 6月12入职 | N977: 江门 | O977: =IF(D977="","",IF(COUNTIF(离职清单!C:C,D977)>0,"已离职","在职")) -> 在职 | P977: =IF(AND(O977="在职",J977="是"),COUNTIF(O$2:O977,"在职"),"") -> 970
A978: =IF(B978<>"",ROW()-1,"") -> 977 | B978: 46174 | C978: 李尤进 | D978: 0222 | E978: 电工 | F978: 小工 | G978: 技为 | H978: 线上 | I978: 通过 | J978: 否 | N978: 江门 | O978: =IF(D978="","",IF(COUNTIF(离职清单!C:C,D978)>0,"已离职","在职")) -> 在职 | P978: =IF(AND(O978="在职",J978="是"),COUNTIF(O$2:O978,"在职"),"")
A979: =IF(B979<>"",ROW()-1,"") -> 978 | B979: 46174 | C979: 刘奇 | D979: 0208 | E979: 电工 | F979: 中工 | G979: 薪向往 | H979: 线上 | I979: 通过 | J979: 否 | K979: 46176 | N979: 江门 | O979: =IF(D979="","",IF(COUNTIF(离职清单!C:C,D979)>0,"已离职","在职")) -> 在职 | P979: =IF(AND(O979="在职",J979="是"),COUNTIF(O$2:O979,"在职"),"")
A980: =IF(B980<>"",ROW()-1,"") -> 979 | B980: 46174 | C980: 潘桂海 | D980: 0209 | E980: 电工 | F980: 小工 | G980: 薪向往 | H980: 线上 | I980: 通过 | J980: 否 | K980: 6月13日入 | N980: 江门 | O980: =IF(D980="","",IF(COUNTIF(离职清单!C:C,D980)>0,"已离职","在职")) -> 在职 | P980: =IF(AND(O980="在职",J980="是"),COUNTIF(O$2:O980,"在职"),"")
A981: =IF(B981<>"",ROW()-1,"") -> 980 | B981: 46174 | C981: 何会兵 | D981: 0212 | E981: 电工 | F981: 大工 | G981: 智邦 | H981: 线上 | I981: 通过 | J981: 否 | N981: 江门 | O981: =IF(D981="","",IF(COUNTIF(离职清单!C:C,D981)>0,"已离职","在职")) -> 在职 | P981: =IF(AND(O981="在职",J981="是"),COUNTIF(O$2:O981,"在职"),"")
A982: =IF(B982<>"",ROW()-1,"") -> 981 | B982: 46174 | C982: 倪健 | D982: 0214 | E982: 电工 | F982: 大工 | G982: 久久鸿 | H982: 线上 | I982: 通过 | J982: 否 | K982: 46177 | N982: 江门 | O982: =IF(D982="","",IF(COUNTIF(离职清单!C:C,D982)>0,"已离职","在职")) -> 在职 | P982: =IF(AND(O982="在职",J982="是"),COUNTIF(O$2:O982,"在职"),"")
A983: =IF(B983<>"",ROW()-1,"") -> 982 | B983: 46175 | C983: 房苋浚 | D983: 0217 | E983: 电工 | F983: 中工 | G983: 铧创 | H983: 线上 | I983: 通过 | J983: 否 | K983: 46180 | N983: 江门 | O983: =IF(D983="","",IF(COUNTIF(离职清单!C:C,D983)>0,"已离职","在职")) -> 在职 | P983: =IF(AND(O983="在职",J983="是"),COUNTIF(O$2:O983,"在职"),"")
A984: =IF(B984<>"",ROW()-1,"") -> 983 | B984: 46175 | C984: 师浩哲 | D984: 0218 | E984: 电工 | F984: 中工 | G984: 铧创 | H984: 线上 | I984: 通过 | J984: 否 | K984: 46177 | N984: 江门 | O984: =IF(D984="","",IF(COUNTIF(离职清单!C:C,D984)>0,"已离职","在职")) -> 在职 | P984: =IF(AND(O984="在职",J984="是"),COUNTIF(O$2:O984,"在职"),"")
A985: =IF(B985<>"",ROW()-1,"") -> 984 | B985: 46175 | C985: 吴杰富 | D985: 0220 | E985: 电工 | F985: 小工 | G985: 赞华 | H985: 线上 | I985: 通过 | J985: 否 | N985: 江门 | O985: =IF(D985="","",IF(COUNTIF(离职清单!C:C,D985)>0,"已离职","在职")) -> 在职 | P985: =IF(AND(O985="在职",J985="是"),COUNTIF(O$2:O985,"在职"),"")
A986: =IF(B986<>"",ROW()-1,"") -> 985 | B986: 46175 | C986: 杨嘉浩 | D986: 0221 | E986: 电工 | F986: 中工 | G986: 赞华 | H986: 线上 | I986: 通过 | J986: 否 | K986: 46176 | N986: 江门 | O986: =IF(D986="","",IF(COUNTIF(离职清单!C:C,D986)>0,"已离职","在职")) -> 在职 | P986: =IF(AND(O986="在职",J986="是"),COUNTIF(O$2:O986,"在职"),"")
A987: =IF(B987<>"",ROW()-1,"") -> 986 | B987: 46175 | C987: 屈东强 | D987: 0222 | E987: 电工 | F987: 小工 | G987: 技为 | H987: 线上 | I987: 通过 | J987: 否 | N987: 江门 | O987: =IF(D987="","",IF(COUNTIF(离职清单!C:C,D987)>0,"已离职","在职")) -> 在职 | P987: =IF(AND(O987="在职",J987="是"),COUNTIF(O$2:O987,"在职"),"")
A988: =IF(B988<>"",ROW()-1,"") -> 987 | B988: 46175 | C988: 陈林 | D988: 0208 | E988: 电工 | F988: 大工 | G988: 技为 | H988: 线上 | I988: 通过 | J988: 否 | N988: 江门 | O988: =IF(D988="","",IF(COUNTIF(离职清单!C:C,D988)>0,"已离职","在职")) -> 在职 | P988: =IF(AND(O988="在职",J988="是"),COUNTIF(O$2:O988,"在职"),"")
A989: =IF(B989<>"",ROW()-1,"") -> 988 | B989: 46175 | C989: 梁吉观 | D989: 0209 | E989: 电工 | F989: 中工 | G989: 技为 | H989: 线上 | I989: 通过 | J989: 是 | K989: 46176 | N989: 江门 | O989: =IF(D989="","",IF(COUNTIF(离职清单!C:C,D989)>0,"已离职","在职")) -> 在职 | P989: =IF(AND(O989="在职",J989="是"),COUNTIF(O$2:O989,"在职"),"") -> 982
A990: =IF(B990<>"",ROW()-1,"") -> 989 | B990: 46175 | C990: 彭 锋 | D990: 0212 | E990: 电工 | F990: 小工 | G990: 技为 | H990: 线上 | I990: 通过 | J990: 否 | N990: 江门 | O990: =IF(D990="","",IF(COUNTIF(离职清单!C:C,D990)>0,"已离职","在职")) -> 在职 | P990: =IF(AND(O990="在职",J990="是"),COUNTIF(O$2:O990,"在职"),"")
A991: =IF(B991<>"",ROW()-1,"") -> 990 | B991: 46175 | C991: 王勇 | D991: 0214 | E991: 电工 | F991: 中工 | G991: 技为 | H991: 线上 | I991: 通过 | J991: 是 | K991: 46176 | N991: 江门 | O991: =IF(D991="","",IF(COUNTIF(离职清单!C:C,D991)>0,"已离职","在职")) -> 在职 | P991: =IF(AND(O991="在职",J991="是"),COUNTIF(O$2:O991,"在职"),"") -> 984
A992: =IF(B992<>"",ROW()-1,"") -> 991 | B992: 46175 | C992: 雷光龙 | D992: 0217 | E992: 电工 | F992: 中工 | G992: 智保 | H992: 线上 | I992: 通过 | J992: 否 | N992: 江门 | O992: =IF(D992="","",IF(COUNTIF(离职清单!C:C,D992)>0,"已离职","在职")) -> 在职 | P992: =IF(AND(O992="在职",J992="是"),COUNTIF(O$2:O992,"在职"),"")
A993: =IF(B993<>"",ROW()-1,"") -> 992 | B993: 46175 | C993: 康巧强 | D993: 0218 | E993: 电工 | F993: 大工 | G993: 众智 | H993: 线上 | I993: 通过 | J993: 否 | N993: 江门 | O993: =IF(D993="","",IF(COUNTIF(离职清单!C:C,D993)>0,"已离职","在职")) -> 在职 | P993: =IF(AND(O993="在职",J993="是"),COUNTIF(O$2:O993,"在职"),"")
A994: =IF(B994<>"",ROW()-1,"") -> 993 | B994: 46175 | C994: 罗炳鸿 | D994: 0220 | E994: 电工 | F994: 大工 | G994: 鼎企 | H994: 线上 | I994: 通过 | J994: 否 | N994: 江门 | O994: =IF(D994="","",IF(COUNTIF(离职清单!C:C,D994)>0,"已离职","在职")) -> 在职 | P994: =IF(AND(O994="在职",J994="是"),COUNTIF(O$2:O994,"在职"),"")
A995: =IF(B995<>"",ROW()-1,"") -> 994 | B995: 46175 | C995: 李茂 | D995: 0221 | E995: 电工 | F995: 小工 | G995: 久久鸿 | H995: 线上 | I995: 通过 | J995: 否 | N995: 江门 | O995: =IF(D995="","",IF(COUNTIF(离职清单!C:C,D995)>0,"已离职","在职")) -> 在职 | P995: =IF(AND(O995="在职",J995="是"),COUNTIF(O$2:O995,"在职"),"")
A996: =IF(B996<>"",ROW()-1,"") -> 995 | B996: 46175 | C996: 韩明明 | D996: 0222 | E996: 电工 | F996: 大工 | G996: 久久鸿 | H996: 线上 | I996: 通过 | J996: 是 | K996: 46176 | N996: 江门 | O996: =IF(D996="","",IF(COUNTIF(离职清单!C:C,D996)>0,"已离职","在职")) -> 在职 | P996: =IF(AND(O996="在职",J996="是"),COUNTIF(O$2:O996,"在职"),"") -> 989
A997: =IF(B997<>"",ROW()-1,"") -> 996 | B997: 46175 | C997: 刘永浩 | D997: 0208 | E997: 电工 | F997: 大工 | G997: 久久鸿 | H997: 线上 | I997: 通过 | J997: 是 | K997: 46176 | N997: 江门 | O997: =IF(D997="","",IF(COUNTIF(离职清单!C:C,D997)>0,"已离职","在职")) -> 在职 | P997: =IF(AND(O997="在职",J997="是"),COUNTIF(O$2:O997,"在职"),"") -> 990
A998: =IF(B998<>"",ROW()-1,"") -> 997 | B998: 46175 | C998: 蓝海轮 | D998: 0209 | E998: 电工 | F998: 小工 | G998: 技为 | H998: 线上 | I998: 通过 | J998: 是 | N998: 江门 | O998: =IF(D998="","",IF(COUNTIF(离职清单!C:C,D998)>0,"已离职","在职")) -> 在职 | P998: =IF(AND(O998="在职",J998="是"),COUNTIF(O$2:O998,"在职"),"") -> 991
A999: =IF(B999<>"",ROW()-1,"") -> 998 | B999: 46175 | C999: 于净伟 | D999: 0212 | E999: 电工 | F999: 小工 | G999: 铧创 | H999: 线上 | I999: 通过 | J999: 是 | K999: 46178 | N999: 江门 | O999: =IF(D999="","",IF(COUNTIF(离职清单!C:C,D999)>0,"已离职","在职")) -> 在职 | P999: =IF(AND(O999="在职",J999="是"),COUNTIF(O$2:O999,"在职"),"") -> 992
A1000: =IF(B1000<>"",ROW()-1,"") -> 999 | B1000: 46175 | C1000: 石贵兴 | D1000: 0214 | E1000: 电工 | F1000: 大工 | G1000: 共辉 | H1000: 线上 | I1000: 通过 | J1000: 否 | K1000: 46176 | N1000: 江门 | O1000: =IF(D1000="","",IF(COUNTIF(离职清单!C:C,D1000)>0,"已离职","在职")) -> 在职 | P1000: =IF(AND(O1000="在职",J1000="是"),COUNTIF(O$2:O1000,"在职"),"")
A1001: =IF(B1001<>"",ROW()-1,"") -> 1000 | B1001: 46175 | C1001: 张亚玲 | D1001: 0217 | E1001: 电工 | F1001: 中工 | G1001: 共辉 | H1001: 线上 | I1001: 通过 | J1001: 否 | K1001: 46176 | N1001: 江门 | O1001: =IF(D1001="","",IF(COUNTIF(离职清单!C:C,D1001)>0,"已离职","在职")) -> 在职 | P1001: =IF(AND(O1001="在职",J1001="是"),COUNTIF(O$2:O1001,"在职"),"")
A1002: =IF(B1002<>"",ROW()-1,"") -> 1001 | B1002: 46175 | C1002: 邱能读 | D1002: 0218 | E1002: 电工 | F1002: 大工 | G1002: 奕晨 | H1002: 线上 | I1002: 通过 | J1002: 是 | K1002: 46177 | N1002: 江门 | O1002: =IF(D1002="","",IF(COUNTIF(离职清单!C:C,D1002)>0,"已离职","在职")) -> 在职 | P1002: =IF(AND(O1002="在职",J1002="是"),COUNTIF(O$2:O1002,"在职"),"") -> 995
A1003: =IF(B1003<>"",ROW()-1,"") -> 1002 | B1003: 46175 | C1003: 胡正军 | D1003: 0220 | E1003: 电工 | F1003: 小工 | G1003: 智邦 | H1003: 线上 | I1003: 通过 | J1003: 是 | N1003: 江门 | O1003: =IF(D1003="","",IF(COUNTIF(离职清单!C:C,D1003)>0,"已离职","在职")) -> 在职 | P1003: =IF(AND(O1003="在职",J1003="是"),COUNTIF(O$2:O1003,"在职"),"") -> 996
...

Sheet 供应商管理
A1: 序号 | B1: 供应商编号 | C1: 供应商名称 | D1: 联系人 | E1: 联系电话 | F1: 备注
A2: =IF(B2<>"",ROW()-1,"") -> 1 | B2: 001 | C2: 智服 | D2: 王晓利 | E2: 18616121191 | F2: 成都
A3: =IF(B3<>"",ROW()-1,"") -> 2 | B3: 002 | C3: 源栋 | D3: 苏航宇 | E3: 18525855059 | F3: 成都
A4: =IF(B4<>"",ROW()-1,"") -> 3 | B4: 003 | C4: 同创 | D4: 吴霞 | E4: 19082465687 | F4: 成都
A5: =IF(B5<>"",ROW()-1,"") -> 4 | B5: 004 | C5: 奕晨 | D5: 周培 | E5: 13420092107 | F5: 成都
A6: =IF(B6<>"",ROW()-1,"") -> 5 | B6: 005 | C6: 天贤途 | D6: 吴小龙 | E6: 19382251875 | F6: 成都
A7: =IF(B7<>"",ROW()-1,"") -> 6 | B7: 006 | C7: 科为 | D7: 都建飞 | E7: 13544889449 | F7: 成都
A8: =IF(B8<>"",ROW()-1,"") -> 7 | B8: 007 | C8: 汇天浩 | D8: 杨琼 | E8: 13241499001 | F8: 成都
A9: =IF(B9<>"",ROW()-1,"") -> 8 | B9: 008 | C9: 赞华 | D9: 陈青山 | E9: 18695918302 | F9: 成都
A10: =IF(B10<>"",ROW()-1,"") -> 9 | B10: 009 | C10: 优蓝 | D10: 向津兴 | E10: 17608120464 | F10: 成都
A11: =IF(B11<>"",ROW()-1,"") -> 10 | B11: 010 | C11: 善道 | D11: 夏永宏 | E11: 13515273937 | F11: 成都
A12: =IF(B12<>"",ROW()-1,"") -> 11 | B12: 011 | C12: 创享 | D12: 杨希昊 | E12: 18615750377 | F12: 成都
A13: =IF(B13<>"",ROW()-1,"") -> 12 | B13: 012 | C13: 东棠 | D13: 陈瑶 | E13: 17738869707 | F13: 成都
... A51: =IF(B51<>"",ROW()-1,"") -> 50 | B51: 050 | C51: 华聘 | D51: 周永尊 | E51: 17841564693 | F51: 江门
B52: 051 | C52: 淘金 | D52: 黄文龙 | E52: 18675546135 | F52: 江门
B53: 052 | C53: 智保 | D53: 谢惠竹 | E53: 18688695239 | F53: 江门
B54: 053 | C54: 人多多 | D54: 董师 | E54: 13510450317 | F54: 江门
B55: 054 | C55: 宇成 | D55: 代俊成 | E55: 13649862577 | F55: 江门
B56: 055 | C56: 众智 | D56: 陆囿霖 | E56: 13014999331 | F56: 江门
B57: 056 | C57: 鼎兴 | D57: 梁刘凤 | E57: 13828817243 | F57: 江门
B58: 057 | C58: 互蓝 | D58: 刘祖鑫 | E58: 15398166656 | F58: 江门
B59: 058 | C59: 佳鑫 | D59: 袁邦贵 | E59: 13266727239 | F59: 江门
B60: 059 | C60: 总才 | D60: 曹自亮 | E60: 19850213555 | F60: 江门
B61: 060 | C61: 贰壹贰 | D61: 沈涛 | E61: 15295195821 | F61: 江门
B62: 061 | C62: 津昌 | D62: 吴浩 | E62: 17785319564 | F62: 江门
B63: 062 | C63: 众德 | D63: 曾微微 | E63: 13070964654 | F63: 江门
B64: 063 | C64: 兄弟连 | D64: 张梓宇 | E64: 13730394924 | F64: 江门
B65: 064 | C65: 郴恒 | F65: 江门
B66: 065 | C66: 方胜 | D66: 郑甜 | E66: 17666066858 | F66: 江门
B67: 066 | C67: 小象 | F67: 江门
B68: 067 | C68: 优星图 | D68: 赵俊峰 | E68: 15617549556 | F68: 江门
B69: 068 | C69: 纳才 | F69: 江门
B70: 069 | C70: 智服 | D70: 梁仁喜 | E70: 15220757274 | F70: 江门
B71: 070 | C71: 汇天浩 | F71: 江门
B72: 071 | C72: 华志 | F72: 江门

Sheet 离职清单
A1: 序号 | B1: 姓名 | C1: 身份证后四位 | D1: 岗位类型 | E1: 技能等级 | F1: 供应商 | G1: 入职日期 | H1: 离职日期 | I1: 在职天数 | J1: 离职原因分类 | K1: 离职原因说明 | L1: 是否结算 | M1: 备注 | N1: 地区
A2: =IF(B2<>"",ROW()-1,"") -> 1 | B2: 刘江彬 | C2: 0010 | D2: 电工 | E2: 中工 | F2: 华伟 | G2: 46078 | H2: 46174 | I2: =IF(AND(G2<>"",H2<>""),H2-G2,"") -> 96 | J2: 内部管理---效率不达标 | K2: 回家有事 | L2: 是 | N2: 江门
A3: =IF(B3<>"",ROW()-1,"") -> 2 | B3: 罗春午 | C3: 0011 | D3: 电工 | E3: 中工 | F3: 慧通 | G3: 46085 | H3: 46174 | I3: =IF(AND(G3<>"",H3<>""),H3-G3,"") -> 89 | J3: 正常自离 | K3: 有事 | L3: 是 | N3: 江门
A4: =IF(B4<>"",ROW()-1,"") -> 3 | B4: 蒙庭华 | C4: 0096 | D4: 钳工 | E4: 中工 | F4: 杰威 | G4: 46102 | H4: 46174 | I4: =IF(AND(G4<>"",H4<>""),H4-G4,"") -> 72 | J4: 内部管理---效率不达标 | K4: 有事回家 | N4: 江门
A5: =IF(B5<>"",ROW()-1,"") -> 4 | B5: 黄春兰 | C5: 0097 | D5: 钳工 | E5: 小工 | F5: 聘得宝 | G5: 46105 | H5: 46174 | I5: =IF(AND(G5<>"",H5<>""),H5-G5,"") -> 69 | J5: 正常自离 | K5: 家里有事 | N5: 江门
A6: =IF(B6<>"",ROW()-1,"") -> 5 | B6: 潘新明 | C6: 0098 | D6: 钳工 | E6: 中工 | F6: 企众 | G6: 46125 | H6: 46174 | I6: =IF(AND(G6<>"",H6<>""),H6-G6,"") -> 49 | J6: 正常自离 | K6: 有事回家 | N6: 江门
A7: =IF(B7<>"",ROW()-1,"") -> 6 | B7: 李思创 | C7: 0099 | D7: 钳工 | E7: 中工 | F7: 慧通 | G7: 46126 | H7: 46174 | I7: =IF(AND(G7<>"",H7<>""),H7-G7,"") -> 48 | J7: 正常自离 | K7: 个人原因 | N7: 江门
A8: =IF(B8<>"",ROW()-1,"") -> 7 | B8: 李文亮 | C8: 0010 | D8: 仓库 | E8: 小工 | F8: 华伟 | G8: 46136 | H8: 46174 | I8: =IF(AND(G8<>"",H8<>""),H8-G8,"") -> 38 | J8: 0 | K8: 有事 | N8: 江门
A9: =IF(B9<>"",ROW()-1,"") -> 8 | B9: 李文成 | C9: 0011 | D9: 仓库 | E9: 小工 | F9: 华伟 | G9: 46136 | H9: 46174 | I9: =IF(AND(G9<>"",H9<>""),H9-G9,"") -> 38 | J9: 0 | K9: 有事回家 | N9: 江门
A10: =IF(B10<>"",ROW()-1,"") -> 9 | B10: 李自忠 | C10: 0096 | D10: 仓库 | E10: 小工 | F10: 华伟 | G10: 46136 | H10: 46174 | I10: =IF(AND(G10<>"",H10<>""),H10-G10,"") -> 38 | J10: 0 | K10: 有事 | N10: 江门
A11: =IF(B11<>"",ROW()-1,"") -> 10 | B11: 李阿清 | C11: 0097 | D11: 仓库 | E11: 小工 | F11: 华伟 | G11: 46136 | H11: 46174 | I11: =IF(AND(G11<>"",H11<>""),H11-G11,"") -> 38 | J11: 高温作业 | K11: 太热了 | N11: 江门
A12: =IF(B12<>"",ROW()-1,"") -> 11 | B12: 朱奕帆 | C12: 0098 | D12: 仓库 | E12: 小工 | F12: 智邦 | G12: 46136 | H12: 46174 | I12: =IF(AND(G12<>"",H12<>""),H12-G12,"") -> 38 | J12: 0 | K12: 因家里原因 | N12: 江门
A13: =IF(B13<>"",ROW()-1,"") -> 12 | B13: 吴洪建 | C13: 0099 | D13: 仓库 | E13: 小工 | F13: 优尔蓝 | G13: 46138 | H13: 46174 | I13: =IF(AND(G13<>"",H13<>""),H13-G13,"") -> 36 | J13: 0 | K13: 回家有事 | N13: 江门
A14: =IF(B14<>"",ROW()-1,"") -> 13 | B14: 许景忠 | C14: 0010 | D14: 钳工 | E14: 小工 | F14: 华伟 | G14: 46142 | H14: 46174 | I14: =IF(AND(G14<>"",H14<>""),H14-G14,"") -> 32 | J14: 正常自离 | K14: 有事要整理 | N14: 江门
A15: =IF(B15<>"",ROW()-1,"") -> 14 | B15: 刘以祖 | C15: 0011 | D15: 钳工 | E15: 小工 | F15: 慧城 | G15: 46143 | H15: 46174 | I15: =IF(AND(G15<>"",H15<>""),H15-G15,"") -> 31 | J15: 内部管理 | K15: 换中介 | N15: 江门
A16: =IF(B16<>"",ROW()-1,"") -> 15 | B16: 邓流旋 | C16: 0096 | D16: 钳工 | E16: 大工 | F16: 共辉 | G16: 46147 | H16: 46174 | I16: =IF(AND(G16<>"",H16<>""),H16-G16,"") -> 27 | J16: 正常自离 | K16: 回家 | N16: 江门
A17: =IF(B17<>"",ROW()-1,"") -> 16 | B17: 陈文辉 | C17: 0097 | D17: 钳工 | E17: 小工 | F17: 优尔蓝 | G17: 46148 | H17: 46174 | I17: =IF(AND(G17<>"",H17<>""),H17-G17,"") -> 26 | J17: 正常自离 | K17: 上下班通勤时间长 | N17: 江门
A18: =IF(B18<>"",ROW()-1,"") -> 17 | B18: 马尔体 | C18: 0098 | D18: 电工 | E18: 大工 | F18: 薪向往 | G18: 46149 | H18: 46174 | I18: =IF(AND(G18<>"",H18<>""),H18-G18,"") -> 25 | J18: 内部管理---效率不达标 | K18: 回家 | N18: 江门
A19: =IF(B19<>"",ROW()-1,"") -> 18 | B19: 陆河君 | C19: 0099 | D19: 钳工 | E19: 中工 | F19: 鼎兴 | G19: 46151 | H19: 46174 | I19: =IF(AND(G19<>"",H19<>""),H19-G19,"") -> 23 | J19: 正常自离 | K19: 有事回家 | N19: 江门
A20: =IF(B20<>"",ROW()-1,"") -> 19 | B20: 胡增辉 | C20: 0010 | D20: 钳工 | E20: 大工 | F20: 技为 | G20: 46154 | H20: 46174 | I20: =IF(AND(G20<>"",H20<>""),H20-G20,"") -> 20 | J20: 正常自离 | K20: 回家处理私事 | N20: 江门
A21: =IF(B21<>"",ROW()-1,"") -> 20 | B21: 罗忠明 | C21: 0011 | D21: 电工 | E21: 中工 | F21: 慧通 | G21: 46157 | H21: 46174 | I21: =IF(AND(G21<>"",H21<>""),H21-G21,"") -> 17 | J21: 正常自离 | K21: 老婆孕期要照顾 | N21: 江门
A22: =IF(B22<>"",ROW()-1,"") -> 21 | B22: 李阳信 | C22: 0096 | D22: 钳工 | E22: 小工 | F22: 聘得宝 | G22: 46157 | H22: 46174 | I22: =IF(AND(G22<>"",H22<>""),H22-G22,"") -> 17 | J22: 正常自离 | K22: 个人原因 | N22: 江门
A23: =IF(B23<>"",ROW()-1,"") -> 22 | B23: 覃淋 | C23: 0097 | D23: 仓库 | E23: 小工 | F23: 聘得宝 | G23: 46158 | H23: 46174 | I23: =IF(AND(G23<>"",H23<>""),H23-G23,"") -> 16 | J23: 0 | K23: 找到其他工作 | N23: 江门
A24: =IF(B24<>"",ROW()-1,"") -> 23 | B24: 黄丹怡 | C24: 0098 | D24: 仓库 | E24: 叉车 | F24: 聘得宝 | G24: 46161 | H24: 46174 | I24: =IF(AND(G24<>"",H24<>""),H24-G24,"") -> 13 | J24: 0 | K24: 有事 | N24: 江门
A25: =IF(B25<>"",ROW()-1,"") -> 24 | B25: 龚祚国 | C25: 0099 | D25: 钳工 | E25: 中工 | F25: 伟辉 | G25: 46163 | H25: 46174 | I25: =IF(AND(G25<>"",H25<>""),H25-G25,"") -> 11 | J25: 正常自离---不适应 | K25: 家里老人去世 | N25: 江门
A26: =IF(B26<>"",ROW()-1,"") -> 25 | B26: 农贵平 | C26: 0010 | D26: 钳工 | E26: 小工 | F26: 慧通 | G26: 46166 | H26: 46174 | I26: =IF(AND(G26<>"",H26<>""),H26-G26,"") -> 8 | J26: 内部管理---效率不达标 | K26: 被辞退 | N26: 江门
A27: =IF(B27<>"",ROW()-1,"") -> 26 | B27: 张永铨 | C27: 0011 | D27: 电工 | E27: 小工 | F27: 聘得宝 | G27: 46169 | H27: 46174 | I27: =IF(AND(G27<>"",H27<>""),H27-G27,"") -> 5 | J27: 正常自离---不适应 | K27: 个人原因 | N27: 江门
A28: =IF(B28<>"",ROW()-1,"") -> 27 | B28: 李宗顺 | C28: 0096 | D28: 仓库 | E28: 小工 | F28: 聘得宝 | G28: 46170 | H28: 46174 | I28: =IF(AND(G28<>"",H28<>""),H28-G28,"") -> 4 | J28: 0 | K28: 个人原因 | N28: 江门
A29: =IF(B29<>"",ROW()-1,"") -> 28 | B29: 王永红 | C29: 0097 | D29: 仓库 | E29: 小工 | F29: 聘得宝 | G29: 46170 | H29: 46174 | I29: =IF(AND(G29<>"",H29<>""),H29-G29,"") -> 4 | J29: 0 | K29: 回家 | N29: 江门
A30: =IF(B30<>"",ROW()-1,"") -> 29 | B30: 覃家乐 | C30: 0098 | D30: 仓库 | E30: 小工 | F30: 聘得宝 | G30: 46170 | H30: 46174 | I30: =IF(AND(G30<>"",H30<>""),H30-G30,"") -> 4 | J30: 0 | K30: 个人原因 | N30: 江门
A31: =IF(B31<>"",ROW()-1,"") -> 30 | B31: 粟尘慧 | C31: 0099 | D31: 仓库 | E31: 小工 | F31: 聘得宝 | G31: 46171 | H31: 46174 | I31: =IF(AND(G31<>"",H31<>""),H31-G31,"") -> 3 | J31: 0 | K31: 个人原因 | N31: 江门
A32: =IF(B32<>"",ROW()-1,"") -> 31 | B32: 李慧 | C32: 0010 | D32: 仓库 | E32: 叉车 | F32: 华伟 | G32: 46171 | H32: 46174 | I32: =IF(AND(G32<>"",H32<>""),H32-G32,"") -> 3 | J32: 0 | K32: 上班太远 | N32: 江门
A33: =IF(B33<>"",ROW()-1,"") -> 32 | B33: 莫军源 | C33: 0011 | D33: 仓库 | E33: 小工 | F33: 聘得宝 | G33: 46172 | H33: 46174 | I33: =IF(AND(G33<>"",H33<>""),H33-G33,"") -> 2 | J33: 0 | K33: 个人原因 | N33: 江门
A34: =IF(B34<>"",ROW()-1,"") -> 33 | B34: 陈广权 | C34: 0096 | D34: 电工 | E34: 中工 | F34: 淘金 | G34: 46163 | H34: 46174 | I34: =IF(AND(G34<>"",H34<>""),H34-G34,"") -> 11 | J34: 正常自离---不适应 | K34: 爷爷身休不好，需要回家照顾 | N34: 江门
A35: =IF(B35<>"",ROW()-1,"") -> 34 | B35: 廖百强 | C35: 0097 | D35: 电工 | E35: 中工 | F35: 慧通 | G35: 46170 | H35: 46174 | I35: =IF(AND(G35<>"",H35<>""),H35-G35,"") -> 4 | J35: 高温作业 | K35: 车间太热 | N35: 江门
A36: =IF(B36<>"",ROW()-1,"") -> 35 | B36: 梁亚东 | C36: 0098 | D36: 电工 | E36: 中工 | F36: 慧通 | G36: 46172 | H36: 46174 | I36: =IF(AND(G36<>"",H36<>""),H36-G36,"") -> 2 | J36: 高温作业 | K36: 车间太热 | N36: 江门
A37: =IF(B37<>"",ROW()-1,"") -> 36 | B37: 冯赵彬 | C37: 0099 | D37: 仓库 | E37: 小工 | F37: 聘得宝 | G37: 46155 | H37: 46174 | I37: =IF(AND(G37<>"",H37<>""),H37-G37,"") -> 19 | J37: 高温作业 | K37: 辞退 | N37: 江门
A38: =IF(B38<>"",ROW()-1,"") -> 37 | B38: 陆清波 | C38: 0010 | D38: 钳工 | E38: 小工 | F38: 技为 | G38: 46090 | H38: 46175 | I38: =IF(AND(G38<>"",H38<>""),H38-G38,"") -> 85 | J38: 正常自离 | K38: 回家有事 | N38: 江门
A39: =IF(B39<>"",ROW()-1,"") -> 38 | B39: 缪国喜 | C39: 0011 | D39: 钳工 | E39: 大工 | F39: 赞华 | G39: 46134 | H39: 46175 | I39: =IF(AND(G39<>"",H39<>""),H39-G39,"") -> 41 | J39: 高温作业 | K39: 天气热加班时间长 | N39: 江门
A40: =IF(B40<>"",ROW()-1,"") -> 39 | B40: 杨乾江 | C40: 0096 | D40: 钳工 | E40: 小工 | F40: 奕晨 | G40: 46148 | H40: 46175 | I40: =IF(AND(G40<>"",H40<>""),H40-G40,"") -> 27 | J40: 内部管理---效率不达标 | K40: 个人原因 | N40: 江门
A41: =IF(B41<>"",ROW()-1,"") -> 40 | B41: 李孔月 | C41: 0097 | D41: 电工 | E41: 小工 | F41: 华伟 | G41: 46158 | H41: 46175 | I41: =IF(AND(G41<>"",H41<>""),H41-G41,"") -> 17 | J41: 自离--中介代办 | K41: 个人原因 | N41: 江门
A42: =IF(B42<>"",ROW()-1,"") -> 41 | B42: 冯超 | C42: 0098 | D42: 钳工 | E42: 中工 | F42: 伟辉 | G42: 46164 | H42: 46175 | I42: =IF(AND(G42<>"",H42<>""),H42-G42,"") -> 11 | J42: 正常自离 | K42: 家中有事 | N42: 江门
A43: =IF(B43<>"",ROW()-1,"") -> 42 | B43: 韦显颖 | C43: 0099 | D43: 仓库 | E43: 小工 | F43: 慧通 | G43: 46168 | H43: 46175 | I43: =IF(AND(G43<>"",H43<>""),H43-G43,"") -> 7 | J43: 高温作业 | K43: 天气太热 | N43: 江门
A44: =IF(B44<>"",ROW()-1,"") -> 43 | B44: 商方宝 | C44: 0010 | D44: 仓库 | E44: 小工 | F44: 技为 | G44: 46169 | H44: 46175 | I44: =IF(AND(G44<>"",H44<>""),H44-G44,"") -> 6 | J44: 高温作业 | K44: 回家 | N44: 江门
A45: =IF(B45<>"",ROW()-1,"") -> 44 | B45: 袁仕涛 | C45: 0011 | D45: 仓库 | E45: 小工 | F45: 技为 | G45: 46169 | H45: 46175 | I45: =IF(AND(G45<>"",H45<>""),H45-G45,"") -> 6 | J45: 高温作业 | K45: 回家 | N45: 江门
... A380: =IF(B380<>"",ROW()-1,"") -> 379 | B380: 李泽昆 | C380: 0010 | D380: 钳工 | E380: 中工 | F380: 慧通 | G380: 46155 | H380: 46164 | I380: =IF(AND(G380<>"",H380<>""),H380-G380,"") -> 9 | J380: 正常自离 | K380: 个人原因 | N380: 成都
A381: =IF(B381<>"",ROW()-1,"") -> 380 | B381: 石健强 | C381: 0011 | D381: 钳工 | E381: 大工 | F381: 慧通 | G381: 46155 | H381: 46164 | I381: =IF(AND(G381<>"",H381<>""),H381-G381,"") -> 9 | J381: 0工时自离 | K381: 0 | N381: 成都
A382: =IF(B382<>"",ROW()-1,"") -> 381 | B382: 钱益民 | C382: 0096 | D382: 钳工 | E382: 大工 | F382: 众创汇 | G382: 46162 | H382: 46167 | I382: =IF(AND(G382<>"",H382<>""),H382-G382,"") -> 5 | J382: 正常自离 | K382: 伙食不习惯 | N382: 成都
A383: =IF(B383<>"",ROW()-1,"") -> 382 | B383: 汪志成 | C383: 0097 | D383: 电工 | E383: 大工 | F383: 慧通 | G383: 46154 | H383: 46167 | I383: =IF(AND(G383<>"",H383<>""),H383-G383,"") -> 13 | J383: 正常自离 | K383: 个人原因 | N383: 成都
A384: =IF(B384<>"",ROW()-1,"") -> 383 | B384: 罗皓 | C384: 0098 | D384: 钳工 | E384: 中工 | F384: 共辉 | G384: 46161 | H384: 46167 | I384: =IF(AND(G384<>"",H384<>""),H384-G384,"") -> 6 | J384: 正常自离 | K384: 个人原因 | N384: 成都
A385: =IF(B385<>"",ROW()-1,"") -> 384 | B385: 唐途 | C385: 0099 | D385: 钳工 | E385: 大工 | F385: 久来米 | G385: 46145 | H385: 46167 | I385: =IF(AND(G385<>"",H385<>""),H385-G385,"") -> 22 | J385: 内部管理 | K385: 降工种 不接受离职 | N385: 成都
A386: =IF(B386<>"",ROW()-1,"") -> 385 | B386: 张建军 | C386: 0010 | D386: 电工 | E386: 中工 | F386: 慧通 | G386: 46153 | H386: 46167 | I386: =IF(AND(G386<>"",H386<>""),H386-G386,"") -> 14 | J386: 正常自离 | K386: 个人原因 | N386: 成都
A387: =IF(B387<>"",ROW()-1,"") -> 386 | B387: 赵文道 | C387: 0011 | D387: 钳工 | E387: 中工 | F387: 久来米 | G387: 46164 | H387: 46168 | I387: =IF(AND(G387<>"",H387<>""),H387-G387,"") -> 4 | J387: 个人原因 | K387: 个人原因 | N387: 成都
A388: =IF(B388<>"",ROW()-1,"") -> 387 | B388: 李晓华 | C388: 0096 | D388: 钳工 | E388: 小工 | F388: 众创汇 | G388: 46165 | H388: 46168 | I388: =IF(AND(G388<>"",H388<>""),H388-G388,"") -> 3 | J388: 内部管理 | K388: 降工种 | N388: 成都
A389: =IF(B389<>"",ROW()-1,"") -> 388 | B389: 易高伟 | C389: 0097 | D389: 钳工 | E389: 大工 | F389: 众创汇 | G389: 46163 | H389: 46168 | I389: =IF(AND(G389<>"",H389<>""),H389-G389,"") -> 5 | J389: 正常自离 | K389: 想找长期的 | N389: 成都
A390: =IF(B390<>"",ROW()-1,"") -> 389 | B390: 王春林 | C390: 0098 | D390: 钳工 | E390: 小工 | F390: 久来米 | G390: 46165 | H390: 46168 | I390: =IF(AND(G390<>"",H390<>""),H390-G390,"") -> 3 | J390: 正常自离 | K390: 降工种 不接受离职 | N390: 成都
A391: =IF(B391<>"",ROW()-1,"") -> 390 | B391: 张建涛 | C391: 0099 | D391: 钳工 | E391: 大工 | F391: 久来米 | G391: 46163 | H391: 46168 | I391: =IF(AND(G391<>"",H391<>""),H391-G391,"") -> 5 | J391: 正常自离 | K391: 车间太热 | N391: 成都
A392: =IF(B392<>"",ROW()-1,"") -> 391 | B392: 黄敏 | C392: 0010 | D392: 钳工 | E392: 中工 | F392: 久来米 | G392: 46147 | H392: 46168 | I392: =IF(AND(G392<>"",H392<>""),H392-G392,"") -> 21 | J392: 内部管理 | K392: 前期没物料 无法安排正常出勤 | N392: 成都
A393: =IF(B393<>"",ROW()-1,"") -> 392 | B393: 解应勇 | C393: 0011 | D393: 电工 | E393: 大工 | F393: 久来米 | G393: 46156 | H393: 46168 | I393: =IF(AND(G393<>"",H393<>""),H393-G393,"") -> 12 | J393: 内部管理 | K393: 前期没物料 无法安排正常出勤 | N393: 成都
... A475: =IF(B475<>"",ROW()-1,"") -> 474 | B475: 李自超 | C475: 0099 | D475: 钳工 | E475: 中工 | F475: 众创汇 | G475: 46174 | H475: 46184 | I475: =IF(AND(G475<>"",H475<>""),H475-G475,"") -> 10 | J475: 0工时自离 | K475: 报道后只上一天，后提出离职，无工时 | N475: 成都
A476: =IF(B476<>"",ROW()-1,"") | C476: 0010 | I476: =IF(AND(G476<>"",H476<>""),H476-G476,"")
A477: =IF(B477<>"",ROW()-1,"") | C477: 0011 | I477: =IF(AND(G477<>"",H477<>""),H477-G477,"")
A478: =IF(B478<>"",ROW()-1,"") | C478: 0096 | I478: =IF(AND(G478<>"",H478<>""),H478-G478,"")
A479: =IF(B479<>"",ROW()-1,"") | C479: 0097 | I479: =IF(AND(G479<>"",H479<>""),H479-G479,"")
A480: =IF(B480<>"",ROW()-1,"") | C480: 0098 | I480: =IF(AND(G480<>"",H480<>""),H480-G480,"")
A481: =IF(B481<>"",ROW()-1,"") | C481: 0099 | I481: =IF(AND(G481<>"",H481<>""),H481-G481,"")
A482: =IF(B482<>"",ROW()-1,"") | C482: 0010 | I482: =IF(AND(G482<>"",H482<>""),H482-G482,"")
A483: =IF(B483<>"",ROW()-1,"") | C483: 0011 | I483: =IF(AND(G483<>"",H483<>""),H483-G483,"")
A484: =IF(B484<>"",ROW()-1,"") | C484: 0096 | I484: =IF(AND(G484<>"",H484<>""),H484-G484,"")
A485: =IF(B485<>"",ROW()-1,"") | C485: 0097 | I485: =IF(AND(G485<>"",H485<>""),H485-G485,"")
A486: =IF(B486<>"",ROW()-1,"") | C486: 0098 | I486: =IF(AND(G486<>"",H486<>""),H486-G486,"")
A487: =IF(B487<>"",ROW()-1,"") | C487: 0099 | I487: =IF(AND(G487<>"",H487<>""),H487-G487,"")
... A5001: =IF(B5001<>"",ROW()-1,"") | C5001: 0011 | I5001: =IF(AND(G5001<>"",H5001<>""),H5001-G5001,"")

Sheet 在职清单
A1: 序号 | B1: 姓名 | C1: 身份证后四位 | D1: 岗位类型 | E1: 技能等级 | F1: 供应商 | G1: 入职日期 | H1: 面试渠道 | I1: 地区 | J1: 在职天数 | K1: 当月在职天数
A2: =IF(B2<>"",ROW()-1,"") -> 1 | B2: 杨连超 | C2: =IFERROR(INDEX(面试清单!D:D,MATCH(1,面试清单!P:P,0)),"") | D2: 电工 | E2: 大工 | F2: 共辉 | G2: 45497 | H2: =IFERROR(INDEX(面试清单!H:H,MATCH(1,面试清单!P:P,0)),"") | I2: 江门 | J2: =IF(G2<>"",TODAY()-G2,"") -> 692 | K2: =IF(G2<>"",MAX(0,MIN(TODAY(),EOMONTH(TODAY(),0))-MAX(G2,EOMONTH(TODAY(),-1)+1)+1),"") -> 16
A3: =IF(B3<>"",ROW()-1,"") -> 2 | B3: 宁智国 | C3: =IFERROR(INDEX(面试清单!D:D,MATCH(2,面试清单!P:P,0)),"") | D3: 电工 | E3: 大工 | F3: 共辉 | G3: 45497 | H3: =IFERROR(INDEX(面试清单!H:H,MATCH(2,面试清单!P:P,0)),"") | I3: 江门 | J3: =IF(G3<>"",TODAY()-G3,"") -> 692 | K3: =IF(G3<>"",MAX(0,MIN(TODAY(),EOMONTH(TODAY(),0))-MAX(G3,EOMONTH(TODAY(),-1)+1)+1),"") -> 16
A4: =IF(B4<>"",ROW()-1,"") -> 3 | B4: 黄远奇 | C4: =IFERROR(INDEX(面试清单!D:D,MATCH(3,面试清单!P:P,0)),"") | D4: 电工 | E4: 大工 | F4: 共辉 | G4: 45512 | H4: =IFERROR(INDEX(面试清单!H:H,MATCH(3,面试清单!P:P,0)),"") | I4: 江门 | J4: =IF(G4<>"",TODAY()-G4,"") -> 677 | K4: =IF(G4<>"",MAX(0,MIN(TODAY(),EOMONTH(TODAY(),0))-MAX(G4,EOMONTH(TODAY(),-1)+1)+1),"") -> 16
A5: =IF(B5<>"",ROW()-1,"") -> 4 | B5: 李海 | C5: =IFERROR(INDEX(面试清单!D:D,MATCH(4,面试清单!P:P,0)),"") -> 0005 | D5: 电工 | E5: 大工 | F5: 共辉 | G5: 45513 | H5: =IFERROR(INDEX(面试清单!H:H,MATCH(4,面试清单!P:P,0)),"") -> 线下 | I5: 江门 | J5: =IF(G5<>"",TODAY()-G5,"") -> 676 | K5: =IF(G5<>"",MAX(0,MIN(TODAY(),EOMONTH(TODAY(),0))-MAX(G5,EOMONTH(TODAY(),-1)+1)+1),"") -> 16
A6: =IF(B6<>"",ROW()-1,"") -> 5 | B6: 李永利 | C6: =IFERROR(INDEX(面试清单!D:D,MATCH(5,面试清单!P:P,0)),"") -> 0006 | D6: 电工 | E6: 大工 | F6: 共辉 | G6: 45513 | H6: =IFERROR(INDEX(面试清单!H:H,MATCH(5,面试清单!P:P,0)),"") -> 线下 | I6: 江门 | J6: =IF(G6<>"",TODAY()-G6,"") -> 676 | K6: =IF(G6<>"",MAX(0,MIN(TODAY(),EOMONTH(TODAY(),0))-MAX(G6,EOMONTH(TODAY(),-1)+1)+1),"") -> 16
A7: =IF(B7<>"",ROW()-1,"") -> 6 | B7: 赵桂英 | C7: =IFERROR(INDEX(面试清单!D:D,MATCH(6,面试清单!P:P,0)),"") | D7: 电工 | E7: 大工 | F7: 共辉 | G7: 45519 | H7: =IFERROR(INDEX(面试清单!H:H,MATCH(6,面试清单!P:P,0)),"") | I7: 江门 | J7: =IF(G7<>"",TODAY()-G7,"") -> 670 | K7: =IF(G7<>"",MAX(0,MIN(TODAY(),EOMONTH(TODAY(),0))-MAX(G7,EOMONTH(TODAY(),-1)+1)+1),"") -> 16
A8: =IF(B8<>"",ROW()-1,"") -> 7 | B8: 傅伟洲 | C8: =IFERROR(INDEX(面试清单!D:D,MATCH(7,面试清单!P:P,0)),"") | D8: 电工 | E8: 大工 | F8: 共辉 | G8: 45519 | H8: =IFERROR(INDEX(面试清单!H:H,MATCH(7,面试清单!P:P,0)),"") | I8: 江门 | J8: =IF(G8<>"",TODAY()-G8,"") -> 670 | K8: =IF(G8<>"",MAX(0,MIN(TODAY(),EOMONTH(TODAY(),0))-MAX(G8,EOMONTH(TODAY(),-1)+1)+1),"") -> 16
A9: =IF(B9<>"",ROW()-1,"") -> 8 | B9: 林小军 | C9: =IFERROR(INDEX(面试清单!D:D,MATCH(8,面试清单!P:P,0)),"") -> 0009 | D9: 电工 | E9: 大工 | F9: 共辉 | G9: 45520 | H9: =IFERROR(INDEX(面试清单!H:H,MATCH(8,面试清单!P:P,0)),"") -> 线下 | I9: 江门 | J9: =IF(G9<>"",TODAY()-G9,"") -> 669 | K9: =IF(G9<>"",MAX(0,MIN(TODAY(),EOMONTH(TODAY(),0))-MAX(G9,EOMONTH(TODAY(),-1)+1)+1),"") -> 16
A10: =IF(B10<>"",ROW()-1,"") -> 9 | B10: 赵国阳 | C10: =IFERROR(INDEX(面试清单!D:D,MATCH(9,面试清单!P:P,0)),"") | D10: 电工 | E10: 大工 | F10: 共辉 | G10: 45523 | H10: =IFERROR(INDEX(面试清单!H:H,MATCH(9,面试清单!P:P,0)),"") | I10: 江门 | J10: =IF(G10<>"",TODAY()-G10,"") -> 666 | K10: =IF(G10<>"",MAX(0,MIN(TODAY(),EOMONTH(TODAY(),0))-MAX(G10,EOMONTH(TODAY(),-1)+1)+1),"") -> 16
A11: =IF(B11<>"",ROW()-1,"") -> 10 | B11: 陈车喜 | C11: =IFERROR(INDEX(面试清单!D:D,MATCH(10,面试清单!P:P,0)),"") -> 0013 | D11: 钳工 | E11: 大工 | F11: 聚宏 | G11: 45537 | H11: =IFERROR(INDEX(面试清单!H:H,MATCH(10,面试清单!P:P,0)),"") -> 线下 | I11: 江门 | J11: =IF(G11<>"",TODAY()-G11,"") -> 652 | K11: =IF(G11<>"",MAX(0,MIN(TODAY(),EOMONTH(TODAY(),0))-MAX(G11,EOMONTH(TODAY(),-1)+1)+1),"") -> 16
A12: =IF(B12<>"",ROW()-1,"") -> 11 | B12: 郑锦铭 | C12: =IFERROR(INDEX(面试清单!D:D,MATCH(11,面试清单!P:P,0)),"") | D12: 电工 | E12: 大工 | F12: 慧城 | G12: 45544 | H12: =IFERROR(INDEX(面试清单!H:H,MATCH(11,面试清单!P:P,0)),"") | I12: 江门 | J12: =IF(G12<>"",TODAY()-G12,"") -> 645 | K12: =IF(G12<>"",MAX(0,MIN(TODAY(),EOMONTH(TODAY(),0))-MAX(G12,EOMONTH(TODAY(),-1)+1)+1),"") -> 16
A13: =IF(B13<>"",ROW()-1,"") -> 12 | B13: 叶昌福 | C13: =IFERROR(INDEX(面试清单!D:D,MATCH(12,面试清单!P:P,0)),"") | D13: 电工 | E13: 大工 | F13: 共辉 | G13: 45546 | H13: =IFERROR(INDEX(面试清单!H:H,MATCH(12,面试清单!P:P,0)),"") | I13: 江门 | J13: =IF(G13<>"",TODAY()-G13,"") -> 643 | K13: =IF(G13<>"",MAX(0,MIN(TODAY(),EOMONTH(TODAY(),0))-MAX(G13,EOMONTH(TODAY(),-1)+1)+1),"") -> 16
A14: =IF(B14<>"",ROW()-1,"") -> 13 | B14: 杨祖标 | C14: =IFERROR(INDEX(面试清单!D:D,MATCH(13,面试清单!P:P,0)),"") | D14: 电工 | E14: 大工 | F14: 奕晨 | G14: 45553 | H14: =IFERROR(INDEX(面试清单!H:H,MATCH(13,面试清单!P:P,0)),"") | I14: 江门 | J14: =IF(G14<>"",TODAY()-G14,"") -> 636 | K14: =IF(G14<>"",MAX(0,MIN(TODAY(),EOMONTH(TODAY(),0))-MAX(G14,EOMONTH(TODAY(),-1)+1)+1),"") -> 16
A15: =IF(B15<>"",ROW()-1,"") -> 14 | B15: 陈凤文 | C15: =IFERROR(INDEX(面试清单!D:D,MATCH(14,面试清单!P:P,0)),"") | D15: 电工 | E15: 大工 | F15: 科为 | G15: 45554 | H15: =IFERROR(INDEX(面试清单!H:H,MATCH(14,面试清单!P:P,0)),"") | I15: 江门 | J15: =IF(G15<>"",TODAY()-G15,"") -> 635 | K15: =IF(G15<>"",MAX(0,MIN(TODAY(),EOMONTH(TODAY(),0))-MAX(G15,EOMONTH(TODAY(),-1)+1)+1),"") -> 16
A16: =IF(B16<>"",ROW()-1,"") -> 15 | B16: 李文1 | C16: =IFERROR(INDEX(面试清单!D:D,MATCH(15,面试清单!P:P,0)),"") | D16: 电工 | E16: 大工 | F16: 共辉 | G16: 45560 | H16: =IFERROR(INDEX(面试清单!H:H,MATCH(15,面试清单!P:P,0)),"") | I16: 江门 | J16: =IF(G16<>"",TODAY()-G16,"") -> 629 | K16: =IF(G16<>"",MAX(0,MIN(TODAY(),EOMONTH(TODAY(),0))-MAX(G16,EOMONTH(TODAY(),-1)+1)+1),"") -> 16
A17: =IF(B17<>"",ROW()-1,"") -> 16 | B17: 宾楚锐 | C17: =IFERROR(INDEX(面试清单!D:D,MATCH(16,面试清单!P:P,0)),"") | D17: 电工 | E17: 大工 | F17: 领冠 | G17: 45580 | H17: =IFERROR(INDEX(面试清单!H:H,MATCH(16,面试清单!P:P,0)),"") | I17: 江门 | J17: =IF(G17<>"",TODAY()-G17,"") -> 609 | K17: =IF(G17<>"",MAX(0,MIN(TODAY(),EOMONTH(TODAY(),0))-MAX(G17,EOMONTH(TODAY(),-1)+1)+1),"") -> 16
A18: =IF(B18<>"",ROW()-1,"") -> 17 | B18: 谢昌宏 | C18: =IFERROR(INDEX(面试清单!D:D,MATCH(17,面试清单!P:P,0)),"") -> 0020 | D18: 钳工 | E18: 大工 | F18: 科为 | G18: 45597 | H18: =IFERROR(INDEX(面试清单!H:H,MATCH(17,面试清单!P:P,0)),"") -> 线下 | I18: 江门 | J18: =IF(G18<>"",TODAY()-G18,"") -> 592 | K18: =IF(G18<>"",MAX(0,MIN(TODAY(),EOMONTH(TODAY(),0))-MAX(G18,EOMONTH(TODAY(),-1)+1)+1),"") -> 16
A19: =IF(B19<>"",ROW()-1,"") -> 18 | B19: 姚武锋 | C19: =IFERROR(INDEX(面试清单!D:D,MATCH(18,面试清单!P:P,0)),"") | D19: 电工 | E19: 大工 | F19: 共辉 | G19: 45614 | H19: =IFERROR(INDEX(面试清单!H:H,MATCH(18,面试清单!P:P,0)),"") | I19: 江门 | J19: =IF(G19<>"",TODAY()-G19,"") -> 575 | K19: =IF(G19<>"",MAX(0,MIN(TODAY(),EOMONTH(TODAY(),0))-MAX(G19,EOMONTH(TODAY(),-1)+1)+1),"") -> 16
A20: =IF(B20<>"",ROW()-1,"") -> 19 | B20: 杨伟 | C20: =IFERROR(INDEX(面试清单!D:D,MATCH(19,面试清单!P:P,0)),"") | D20: 电工 | E20: 大工 | F20: 奕晨 | G20: 45617 | H20: =IFERROR(INDEX(面试清单!H:H,MATCH(19,面试清单!P:P,0)),"") | I20: 江门 | J20: =IF(G20<>"",TODAY()-G20,"") -> 572 | K20: =IF(G20<>"",MAX(0,MIN(TODAY(),EOMONTH(TODAY(),0))-MAX(G20,EOMONTH(TODAY(),-1)+1)+1),"") -> 16
A21: =IF(B21<>"",ROW()-1,"") -> 20 | B21: 祝立 | C21: =IFERROR(INDEX(面试清单!D:D,MATCH(20,面试清单!P:P,0)),"") | D21: 电工 | E21: 大工 | F21: 慧通 | G21: 45618 | H21: =IFERROR(INDEX(面试清单!H:H,MATCH(20,面试清单!P:P,0)),"") | I21: 江门 | J21: =IF(G21<>"",TODAY()-G21,"") -> 571 | K21: =IF(G21<>"",MAX(0,MIN(TODAY(),EOMONTH(TODAY(),0))-MAX(G21,EOMONTH(TODAY(),-1)+1)+1),"") -> 16
A22: =IF(B22<>"",ROW()-1,"") -> 21 | B22: 彭罗金 | C22: =IFERROR(INDEX(面试清单!D:D,MATCH(21,面试清单!P:P,0)),"") | D22: 电工 | E22: 大工 | F22: 慧城 | G22: 45621 | H22: =IFERROR(INDEX(面试清单!H:H,MATCH(21,面试清单!P:P,0)),"") | I22: 江门 | J22: =IF(G22<>"",TODAY()-G22,"") -> 568 | K22: =IF(G22<>"",MAX(0,MIN(TODAY(),EOMONTH(TODAY(),0))-MAX(G22,EOMONTH(TODAY(),-1)+1)+1),"") -> 16
A23: =IF(B23<>"",ROW()-1,"") -> 22 | B23: 杨明善 | C23: =IFERROR(INDEX(面试清单!D:D,MATCH(22,面试清单!P:P,0)),"") | D23: 电工 | E23: 大工 | F23: 慧城 | G23: 45621 | H23: =IFERROR(INDEX(面试清单!H:H,MATCH(22,面试清单!P:P,0)),"") | I23: 江门 | J23: =IF(G23<>"",TODAY()-G23,"") -> 568 | K23: =IF(G23<>"",MAX(0,MIN(TODAY(),EOMONTH(TODAY(),0))-MAX(G23,EOMONTH(TODAY(),-1)+1)+1),"") -> 16
A24: =IF(B24<>"",ROW()-1,"") -> 23 | B24: 帅祥辉 | C24: =IFERROR(INDEX(面试清单!D:D,MATCH(23,面试清单!P:P,0)),"") | D24: 电工 | E24: 大工 | F24: 共辉 | G24: 45621 | H24: =IFERROR(INDEX(面试清单!H:H,MATCH(23,面试清单!P:P,0)),"") | I24: 江门 | J24: =IF(G24<>"",TODAY()-G24,"") -> 568 | K24: =IF(G24<>"",MAX(0,MIN(TODAY(),EOMONTH(TODAY(),0))-MAX(G24,EOMONTH(TODAY(),-1)+1)+1),"") -> 16
A25: 24 | B25: 甘家成 | C25: 0027 | D25: 电工 | E25: 大工 | F25: 共辉 | G25: 45621 | H25: 线上 | I25: 江门 | J25: 15 | K25: 16
A26: =IF(B26<>"",ROW()-1,"") -> 25 | B26: 蔡昌贵 | C26: =IFERROR(INDEX(面试清单!D:D,MATCH(25,面试清单!P:P,0)),"") | D26: 电工 | E26: 大工 | F26: 聘得宝 | G26: 45643 | H26: =IFERROR(INDEX(面试清单!H:H,MATCH(25,面试清单!P:P,0)),"") | I26: 江门 | J26: =IF(G26<>"",TODAY()-G26,"") -> 546 | K26: =IF(G26<>"",MAX(0,MIN(TODAY(),EOMONTH(TODAY(),0))-MAX(G26,EOMONTH(TODAY(),-1)+1)+1),"") -> 16
A27: =IF(B27<>"",ROW()-1,"") -> 26 | B27: 姚熙 | C27: =IFERROR(INDEX(面试清单!D:D,MATCH(26,面试清单!P:P,0)),"") | D27: 钳工 | E27: 大工 | F27: 共辉 | G27: 45658 | H27: =IFERROR(INDEX(面试清单!H:H,MATCH(26,面试清单!P:P,0)),"") | I27: 江门 | J27: =IF(G27<>"",TODAY()-G27,"") -> 531 | K27: =IF(G27<>"",MAX(0,MIN(TODAY(),EOMONTH(TODAY(),0))-MAX(G27,EOMONTH(TODAY(),-1)+1)+1),"") -> 16
A28: =IF(B28<>"",ROW()-1,"") -> 27 | B28: 邓国坚 | C28: =IFERROR(INDEX(面试清单!D:D,MATCH(27,面试清单!P:P,0)),"") -> 0030 | D28: 电工 | E28: 大工 | F28: 伟辉 | G28: 45660 | H28: =IFERROR(INDEX(面试清单!H:H,MATCH(27,面试清单!P:P,0)),"") -> 线下 | I28: 江门 | J28: =IF(G28<>"",TODAY()-G28,"") -> 529 | K28: =IF(G28<>"",MAX(0,MIN(TODAY(),EOMONTH(TODAY(),0))-MAX(G28,EOMONTH(TODAY(),-1)+1)+1),"") -> 16
A29: =IF(B29<>"",ROW()-1,"") -> 28 | B29: 代伟伟 | C29: =IFERROR(INDEX(面试清单!D:D,MATCH(28,面试清单!P:P,0)),"") | D29: 电工 | E29: 大工 | F29: 慧通 | G29: 45696 | H29: =IFERROR(INDEX(面试清单!H:H,MATCH(28,面试清单!P:P,0)),"") | I29: 江门 | J29: =IF(G29<>"",TODAY()-G29,"") -> 493 | K29: =IF(G29<>"",MAX(0,MIN(TODAY(),EOMONTH(TODAY(),0))-MAX(G29,EOMONTH(TODAY(),-1)+1)+1),"") -> 16
A30: =IF(B30<>"",ROW()-1,"") -> 29 | B30: 黄文伟 | C30: =IFERROR(INDEX(面试清单!D:D,MATCH(29,面试清单!P:P,0)),"") | D30: 电工 | E30: 大工 | F30: 聘得宝 | G30: 45696 | H30: =IFERROR(INDEX(面试清单!H:H,MATCH(29,面试清单!P:P,0)),"") | I30: 江门 | J30: =IF(G30<>"",TODAY()-G30,"") -> 493 | K30: =IF(G30<>"",MAX(0,MIN(TODAY(),EOMONTH(TODAY(),0))-MAX(G30,EOMONTH(TODAY(),-1)+1)+1),"") -> 16
A31: =IF(B31<>"",ROW()-1,"") -> 30 | B31: 覃开树 | C31: =IFERROR(INDEX(面试清单!D:D,MATCH(30,面试清单!P:P,0)),"") -> 0033 | D31: 电工 | E31: 大工 | F31: 慧通 | G31: 45698 | H31: =IFERROR(INDEX(面试清单!H:H,MATCH(30,面试清单!P:P,0)),"") -> 线下 | I31: 江门 | J31: =IF(G31<>"",TODAY()-G31,"") -> 491 | K31: =IF(G31<>"",MAX(0,MIN(TODAY(),EOMONTH(TODAY(),0))-MAX(G31,EOMONTH(TODAY(),-1)+1)+1),"") -> 16
A32: =IF(B32<>"",ROW()-1,"") -> 31 | B32: 唐华冰 | C32: =IFERROR(INDEX(面试清单!D:D,MATCH(31,面试清单!P:P,0)),"") | D32: 电工 | E32: 大工 | F32: 慧通 | G32: 45698 | H32: =IFERROR(INDEX(面试清单!H:H,MATCH(31,面试清单!P:P,0)),"") | I32: 江门 | J32: =IF(G32<>"",TODAY()-G32,"") -> 491 | K32: =IF(G32<>"",MAX(0,MIN(TODAY(),EOMONTH(TODAY(),0))-MAX(G32,EOMONTH(TODAY(),-1)+1)+1),"") -> 16
A33: =IF(B33<>"",ROW()-1,"") -> 32 | B33: 卢仕满 | C33: =IFERROR(INDEX(面试清单!D:D,MATCH(32,面试清单!P:P,0)),"") | D33: 钳工 | E33: 大工 | F33: 聘得宝 | G33: 45698 | H33: =IFERROR(INDEX(面试清单!H:H,MATCH(32,面试清单!P:P,0)),"") | I33: 江门 | J33: =IF(G33<>"",TODAY()-G33,"") -> 491 | K33: =IF(G33<>"",MAX(0,MIN(TODAY(),EOMONTH(TODAY(),0))-MAX(G33,EOMONTH(TODAY(),-1)+1)+1),"") -> 16
A34: =IF(B34<>"",ROW()-1,"") -> 33 | B34: 雷绍坚 | C34: =IFERROR(INDEX(面试清单!D:D,MATCH(33,面试清单!P:P,0)),"") | D34: 钳工 | E34: 大工 | F34: 聘得宝 | G34: 45701 | H34: =IFERROR(INDEX(面试清单!H:H,MATCH(33,面试清单!P:P,0)),"") | I34: 江门 | J34: =IF(G34<>"",TODAY()-G34,"") -> 488 | K34: =IF(G34<>"",MAX(0,MIN(TODAY(),EOMONTH(TODAY(),0))-MAX(G34,EOMONTH(TODAY(),-1)+1)+1),"") -> 16
A35: =IF(B35<>"",ROW()-1,"") -> 34 | B35: 袁明飞 | C35: =IFERROR(INDEX(面试清单!D:D,MATCH(34,面试清单!P:P,0)),"") | D35: 钳工 | E35: 大工 | F35: 共辉 | G35: 45701 | H35: =IFERROR(INDEX(面试清单!H:H,MATCH(34,面试清单!P:P,0)),"") | I35: 江门 | J35: =IF(G35<>"",TODAY()-G35,"") -> 488 | K35: =IF(G35<>"",MAX(0,MIN(TODAY(),EOMONTH(TODAY(),0))-MAX(G35,EOMONTH(TODAY(),-1)+1)+1),"") -> 16
A36: =IF(B36<>"",ROW()-1,"") -> 35 | B36: 刘伟1 | C36: =IFERROR(INDEX(面试清单!D:D,MATCH(35,面试清单!P:P,0)),"") | D36: 电工 | E36: 大工 | F36: 聘得宝 | G36: 45703 | H36: =IFERROR(INDEX(面试清单!H:H,MATCH(35,面试清单!P:P,0)),"") | I36: 江门 | J36: =IF(G36<>"",TODAY()-G36,"") -> 486 | K36: =IF(G36<>"",MAX(0,MIN(TODAY(),EOMONTH(TODAY(),0))-MAX(G36,EOMONTH(TODAY(),-1)+1)+1),"") -> 16
A37: =IF(B37<>"",ROW()-1,"") -> 36 | B37: 周长辉 | C37: =IFERROR(INDEX(面试清单!D:D,MATCH(36,面试清单!P:P,0)),"") | D37: 钳工 | E37: 大工 | F37: 聘得宝 | G37: 45703 | H37: =IFERROR(INDEX(面试清单!H:H,MATCH(36,面试清单!P:P,0)),"") | I37: 江门 | J37: =IF(G37<>"",TODAY()-G37,"") -> 486 | K37: =IF(G37<>"",MAX(0,MIN(TODAY(),EOMONTH(TODAY(),0))-MAX(G37,EOMONTH(TODAY(),-1)+1)+1),"") -> 16
A38: =IF(B38<>"",ROW()-1,"") -> 37 | B38: 叶永乾 | C38: =IFERROR(INDEX(面试清单!D:D,MATCH(37,面试清单!P:P,0)),"") | D38: 电工 | E38: 大工 | F38: 共辉 | G38: 45705 | H38: =IFERROR(INDEX(面试清单!H:H,MATCH(37,面试清单!P:P,0)),"") | I38: 江门 | J38: =IF(G38<>"",TODAY()-G38,"") -> 484 | K38: =IF(G38<>"",MAX(0,MIN(TODAY(),EOMONTH(TODAY(),0))-MAX(G38,EOMONTH(TODAY(),-1)+1)+1),"") -> 16
A39: =IF(B39<>"",ROW()-1,"") -> 38 | B39: 张文静 | C39: =IFERROR(INDEX(面试清单!D:D,MATCH(38,面试清单!P:P,0)),"") | D39: 电工 | E39: 大工 | F39: 共辉 | G39: 45705 | H39: =IFERROR(INDEX(面试清单!H:H,MATCH(38,面试清单!P:P,0)),"") | I39: 江门 | J39: =IF(G39<>"",TODAY()-G39,"") -> 484 | K39: =IF(G39<>"",MAX(0,MIN(TODAY(),EOMONTH(TODAY(),0))-MAX(G39,EOMONTH(TODAY(),-1)+1)+1),"") -> 16
A40: =IF(B40<>"",ROW()-1,"") -> 39 | B40: 唐宗贵 | C40: =IFERROR(INDEX(面试清单!D:D,MATCH(39,面试清单!P:P,0)),"") | D40: 电工 | E40: 大工 | F40: 共辉 | G40: 45706 | H40: =IFERROR(INDEX(面试清单!H:H,MATCH(39,面试清单!P:P,0)),"") | I40: 江门 | J40: =IF(G40<>"",TODAY()-G40,"") -> 483 | K40: =IF(G40<>"",MAX(0,MIN(TODAY(),EOMONTH(TODAY(),0))-MAX(G40,EOMONTH(TODAY(),-1)+1)+1),"") -> 16
A41: =IF(B41<>"",ROW()-1,"") -> 40 | B41: 林愉 | C41: =IFERROR(INDEX(面试清单!D:D,MATCH(40,面试清单!P:P,0)),"") | D41: 电工 | E41: 大工 | F41: 共辉 | G41: 45707 | H41: =IFERROR(INDEX(面试清单!H:H,MATCH(40,面试清单!P:P,0)),"") | I41: 江门 | J41: =IF(G41<>"",TODAY()-G41,"") -> 482 | K41: =IF(G41<>"",MAX(0,MIN(TODAY(),EOMONTH(TODAY(),0))-MAX(G41,EOMONTH(TODAY(),-1)+1)+1),"") -> 16
A42: =IF(B42<>"",ROW()-1,"") -> 41 | B42: 江熙 | C42: =IFERROR(INDEX(面试清单!D:D,MATCH(41,面试清单!P:P,0)),"") | D42: 电工 | E42: 大工 | F42: 共辉 | G42: 45708 | H42: =IFERROR(INDEX(面试清单!H:H,MATCH(41,面试清单!P:P,0)),"") | I42: 江门 | J42: =IF(G42<>"",TODAY()-G42,"") -> 481 | K42: =IF(G42<>"",MAX(0,MIN(TODAY(),EOMONTH(TODAY(),0))-MAX(G42,EOMONTH(TODAY(),-1)+1)+1),"") -> 16
A43: =IF(B43<>"",ROW()-1,"") -> 42 | B43: 陈昌森 | C43: =IFERROR(INDEX(面试清单!D:D,MATCH(42,面试清单!P:P,0)),"") | D43: 钳工 | E43: 大工 | F43: 慧城 | G43: 45712 | H43: =IFERROR(INDEX(面试清单!H:H,MATCH(42,面试清单!P:P,0)),"") | I43: 江门 | J43: =IF(G43<>"",TODAY()-G43,"") -> 477 | K43: =IF(G43<>"",MAX(0,MIN(TODAY(),EOMONTH(TODAY(),0))-MAX(G43,EOMONTH(TODAY(),-1)+1)+1),"") -> 16
A44: =IF(B44<>"",ROW()-1,"") -> 43 | B44: 蒋盛海 | C44: =IFERROR(INDEX(面试清单!D:D,MATCH(43,面试清单!P:P,0)),"") | D44: 电工 | E44: 大工 | F44: 科为 | G44: 45712 | H44: =IFERROR(INDEX(面试清单!H:H,MATCH(43,面试清单!P:P,0)),"") | I44: 江门 | J44: =IF(G44<>"",TODAY()-G44,"") -> 477 | K44: =IF(G44<>"",MAX(0,MIN(TODAY(),EOMONTH(TODAY(),0))-MAX(G44,EOMONTH(TODAY(),-1)+1)+1),"") -> 16
A45: =IF(B45<>"",ROW()-1,"") -> 44 | B45: 陶贤剑 | C45: =IFERROR(INDEX(面试清单!D:D,MATCH(44,面试清单!P:P,0)),"") | D45: 电工 | E45: 大工 | F45: 共辉 | G45: 45712 | H45: =IFERROR(INDEX(面试清单!H:H,MATCH(44,面试清单!P:P,0)),"") | I45: 江门 | J45: =IF(G45<>"",TODAY()-G45,"") -> 477 | K45: =IF(G45<>"",MAX(0,MIN(TODAY(),EOMONTH(TODAY(),0))-MAX(G45,EOMONTH(TODAY(),-1)+1)+1),"") -> 16
A46: =IF(B46<>"",ROW()-1,"") -> 45 | B46: 唐郁教 | C46: =IFERROR(INDEX(面试清单!D:D,MATCH(45,面试清单!P:P,0)),"") | D46: 电工 | E46: 大工 | F46: 共辉 | G46: 45712 | H46: =IFERROR(INDEX(面试清单!H:H,MATCH(45,面试清单!P:P,0)),"") | I46: 江门 | J46: =IF(G46<>"",TODAY()-G46,"") -> 477 | K46: =IF(G46<>"",MAX(0,MIN(TODAY(),EOMONTH(TODAY(),0))-MAX(G46,EOMONTH(TODAY(),-1)+1)+1),"") -> 16
A47: =IF(B47<>"",ROW()-1,"") -> 46 | B47: 江元荣 | C47: =IFERROR(INDEX(面试清单!D:D,MATCH(46,面试清单!P:P,0)),"") | D47: 电工 | E47: 大工 | F47: 共辉 | G47: 45719 | H47: =IFERROR(INDEX(面试清单!H:H,MATCH(46,面试清单!P:P,0)),"") | I47: 江门 | J47: =IF(G47<>"",TODAY()-G47,"") -> 470 | K47: =IF(G47<>"",MAX(0,MIN(TODAY(),EOMONTH(TODAY(),0))-MAX(G47,EOMONTH(TODAY(),-1)+1)+1),"") -> 16
A48: =IF(B48<>"",ROW()-1,"") -> 47 | B48: 韦均怀 | C48: =IFERROR(INDEX(面试清单!D:D,MATCH(47,面试清单!P:P,0)),"") | D48: 电工 | E48: 大工 | F48: 共辉 | G48: 45724 | H48: =IFERROR(INDEX(面试清单!H:H,MATCH(47,面试清单!P:P,0)),"") | I48: 江门 | J48: =IF(G48<>"",TODAY()-G48,"") -> 465 | K48: =IF(G48<>"",MAX(0,MIN(TODAY(),EOMONTH(TODAY(),0))-MAX(G48,EOMONTH(TODAY(),-1)+1)+1),"") -> 16
A49: =IF(B49<>"",ROW()-1,"") -> 48 | B49: 黄善顶 | C49: =IFERROR(INDEX(面试清单!D:D,MATCH(48,面试清单!P:P,0)),"") | D49: 钳工 | E49: 大工 | F49: 聘得宝 | G49: 45727 | H49: =IFERROR(INDEX(面试清单!H:H,MATCH(48,面试清单!P:P,0)),"") | I49: 江门 | J49: =IF(G49<>"",TODAY()-G49,"") -> 462 | K49: =IF(G49<>"",MAX(0,MIN(TODAY(),EOMONTH(TODAY(),0))-MAX(G49,EOMONTH(TODAY(),-1)+1)+1),"") -> 16
A50: =IF(B50<>"",ROW()-1,"") -> 49 | B50: 陈俊辉1 | C50: =IFERROR(INDEX(面试清单!D:D,MATCH(49,面试清单!P:P,0)),"") | D50: 电工 | E50: 大工 | F50: 共辉 | G50: 45728 | H50: =IFERROR(INDEX(面试清单!H:H,MATCH(49,面试清单!P:P,0)),"") | I50: 江门 | J50: =IF(G50<>"",TODAY()-G50,"") -> 461 | K50: =IF(G50<>"",MAX(0,MIN(TODAY(),EOMONTH(TODAY(),0))-MAX(G50,EOMONTH(TODAY(),-1)+1)+1),"") -> 16
A51: 50 | B51: 陈观霖 | C51: 0063 | D51: 电工 | E51: 大工 | F51: 共辉 | G51: 45731 | H51: 线上 | I51: 江门 | J51: 15 | K51: 16
A52: =IF(B52<>"",ROW()-1,"") -> 51 | B52: 张涛1 | C52: =IFERROR(INDEX(面试清单!D:D,MATCH(51,面试清单!P:P,0)),"") | D52: 钳工 | E52: 大工 | F52: 共辉 | G52: 45731 | H52: =IFERROR(INDEX(面试清单!H:H,MATCH(51,面试清单!P:P,0)),"") | I52: 江门 | J52: =IF(G52<>"",TODAY()-G52,"") -> 458 | K52: =IF(G52<>"",MAX(0,MIN(TODAY(),EOMONTH(TODAY(),0))-MAX(G52,EOMONTH(TODAY(),-1)+1)+1),"") -> 16
A53: =IF(B53<>"",ROW()-1,"") -> 52 | B53: 彭凯文 | C53: =IFERROR(INDEX(面试清单!D:D,MATCH(52,面试清单!P:P,0)),"") | D53: 钳工 | E53: 大工 | F53: 奕晨 | G53: 45732 | H53: =IFERROR(INDEX(面试清单!H:H,MATCH(52,面试清单!P:P,0)),"") | I53: 江门 | J53: =IF(G53<>"",TODAY()-G53,"") -> 457 | K53: =IF(G53<>"",MAX(0,MIN(TODAY(),EOMONTH(TODAY(),0))-MAX(G53,EOMONTH(TODAY(),-1)+1)+1),"") -> 16
A54: =IF(B54<>"",ROW()-1,"") -> 53 | B54: 何勇兵 | C54: =IFERROR(INDEX(面试清单!D:D,MATCH(53,面试清单!P:P,0)),"") -> 0070 | D54: 钳工 | E54: 大工 | F54: 慧通 | G54: 45732 | H54: =IFERROR(INDEX(面试清单!H:H,MATCH(53,面试清单!P:P,0)),"") -> 线下 | I54: 江门 | J54: =IF(G54<>"",TODAY()-G54,"") -> 457 | K54: =IF(G54<>"",MAX(0,MIN(TODAY(),EOMONTH(TODAY(),0))-MAX(G54,EOMONTH(TODAY(),-1)+1)+1),"") -> 16
A55: =IF(B55<>"",ROW()-1,"") -> 54 | B55: 程天永 | C55: =IFERROR(INDEX(面试清单!D:D,MATCH(54,面试清单!P:P,0)),"") -> 0071 | D55: 电工 | E55: 大工 | F55: 聘得宝 | G55: 45733 | H55: =IFERROR(INDEX(面试清单!H:H,MATCH(54,面试清单!P:P,0)),"") -> 线下 | I55: 江门 | J55: =IF(G55<>"",TODAY()-G55,"") -> 456 | K55: =IF(G55<>"",MAX(0,MIN(TODAY(),EOMONTH(TODAY(),0))-MAX(G55,EOMONTH(TODAY(),-1)+1)+1),"") -> 16
A56: =IF(B56<>"",ROW()-1,"") -> 55 | B56: 罗发 | C56: =IFERROR(INDEX(面试清单!D:D,MATCH(55,面试清单!P:P,0)),"") | D56: 钳工 | E56: 大工 | F56: 众智 | G56: 45733 | H56: =IFERROR(INDEX(面试清单!H:H,MATCH(55,面试清单!P:P,0)),"") | I56: 江门 | J56: =IF(G56<>"",TODAY()-G56,"") -> 456 | K56: =IF(G56<>"",MAX(0,MIN(TODAY(),EOMONTH(TODAY(),0))-MAX(G56,EOMONTH(TODAY(),-1)+1)+1),"") -> 16
A57: =IF(B57<>"",ROW()-1,"") -> 56 | B57: 高志豪 | C57: =IFERROR(INDEX(面试清单!D:D,MATCH(56,面试清单!P:P,0)),"") | D57: 钳工 | E57: 大工 | F57: 共辉 | G57: 45734 | H57: =IFERROR(INDEX(面试清单!H:H,MATCH(56,面试清单!P:P,0)),"") | I57: 江门 | J57: =IF(G57<>"",TODAY()-G57,"") -> 455 | K57: =IF(G57<>"",MAX(0,MIN(TODAY(),EOMONTH(TODAY(),0))-MAX(G57,EOMONTH(TODAY(),-1)+1)+1),"") -> 16
A58: =IF(B58<>"",ROW()-1,"") -> 57 | B58: 覃苏明 | C58: =IFERROR(INDEX(面试清单!D:D,MATCH(57,面试清单!P:P,0)),"") | D58: 钳工 | E58: 大工 | F58: 聘得宝 | G58: 45734 | H58: =IFERROR(INDEX(面试清单!H:H,MATCH(57,面试清单!P:P,0)),"") | I58: 江门 | J58: =IF(G58<>"",TODAY()-G58,"") -> 455 | K58: =IF(G58<>"",MAX(0,MIN(TODAY(),EOMONTH(TODAY(),0))-MAX(G58,EOMONTH(TODAY(),-1)+1)+1),"") -> 16
A59: =IF(B59<>"",ROW()-1,"") -> 58 | B59: 邱世洪 | C59: =IFERROR(INDEX(面试清单!D:D,MATCH(58,面试清单!P:P,0)),"") | D59: 电工 | E59: 大工 | F59: 奕晨 | G59: 45737 | H59: =IFERROR(INDEX(面试清单!H:H,MATCH(58,面试清单!P:P,0)),"") | I59: 江门 | J59: =IF(G59<>"",TODAY()-G59,"") -> 452 | K59: =IF(G59<>"",MAX(0,MIN(TODAY(),EOMONTH(TODAY(),0))-MAX(G59,EOMONTH(TODAY(),-1)+1)+1),"") -> 16
A60: =IF(B60<>"",ROW()-1,"") -> 59 | B60: 段鹏 | C60: =IFERROR(INDEX(面试清单!D:D,MATCH(59,面试清单!P:P,0)),"") | D60: 电工 | E60: 大工 | F60: 奕晨 | G60: 45740 | H60: =IFERROR(INDEX(面试清单!H:H,MATCH(59,面试清单!P:P,0)),"") | I60: 江门 | J60: =IF(G60<>"",TODAY()-G60,"") -> 449 | K60: =IF(G60<>"",MAX(0,MIN(TODAY(),EOMONTH(TODAY(),0))-MAX(G60,EOMONTH(TODAY(),-1)+1)+1),"") -> 16
A61: =IF(B61<>"",ROW()-1,"") -> 60 | B61: 岑立定 | C61: =IFERROR(INDEX(面试清单!D:D,MATCH(60,面试清单!P:P,0)),"") | D61: 电工 | E61: 大工 | F61: 共辉 | G61: 45743 | H61: =IFERROR(INDEX(面试清单!H:H,MATCH(60,面试清单!P:P,0)),"") | I61: 江门 | J61: =IF(G61<>"",TODAY()-G61,"") -> 446 | K61: =IF(G61<>"",MAX(0,MIN(TODAY(),EOMONTH(TODAY(),0))-MAX(G61,EOMONTH(TODAY(),-1)+1)+1),"") -> 16
A62: =IF(B62<>"",ROW()-1,"") -> 61 | B62: 温志华 | C62: =IFERROR(INDEX(面试清单!D:D,MATCH(61,面试清单!P:P,0)),"") | D62: 钳工 | E62: 大工 | F62: 聘得宝 | G62: 45743 | H62: =IFERROR(INDEX(面试清单!H:H,MATCH(61,面试清单!P:P,0)),"") | I62: 江门 | J62: =IF(G62<>"",TODAY()-G62,"") -> 446 | K62: =IF(G62<>"",MAX(0,MIN(TODAY(),EOMONTH(TODAY(),0))-MAX(G62,EOMONTH(TODAY(),-1)+1)+1),"") -> 16
A63: =IF(B63<>"",ROW()-1,"") -> 62 | B63: 胡胜达 | C63: =IFERROR(INDEX(面试清单!D:D,MATCH(62,面试清单!P:P,0)),"") -> 0079 | D63: 钳工 | E63: 大工 | F63: 慧通 | G63: 45743 | H63: =IFERROR(INDEX(面试清单!H:H,MATCH(62,面试清单!P:P,0)),"") -> 线下 | I63: 江门 | J63: =IF(G63<>"",TODAY()-G63,"") -> 446 | K63: =IF(G63<>"",MAX(0,MIN(TODAY(),EOMONTH(TODAY(),0))-MAX(G63,EOMONTH(TODAY(),-1)+1)+1),"") -> 16
A64: =IF(B64<>"",ROW()-1,"") -> 63 | B64: 郑海辉 | C64: =IFERROR(INDEX(面试清单!D:D,MATCH(63,面试清单!P:P,0)),"") | D64: 电工 | E64: 大工 | F64: 华伟 | G64: 45747 | H64: =IFERROR(INDEX(面试清单!H:H,MATCH(63,面试清单!P:P,0)),"") | I64: 江门 | J64: =IF(G64<>"",TODAY()-G64,"") -> 442 | K64: =IF(G64<>"",MAX(0,MIN(TODAY(),EOMONTH(TODAY(),0))-MAX(G64,EOMONTH(TODAY(),-1)+1)+1),"") -> 16
A65: =IF(B65<>"",ROW()-1,"") -> 64 | B65: 何镇 | C65: =IFERROR(INDEX(面试清单!D:D,MATCH(64,面试清单!P:P,0)),"") | D65: 电工 | E65: 大工 | F65: 杰威 | G65: 45752 | H65: =IFERROR(INDEX(面试清单!H:H,MATCH(64,面试清单!P:P,0)),"") | I65: 江门 | J65: =IF(G65<>"",TODAY()-G65,"") -> 437 | K65: =IF(G65<>"",MAX(0,MIN(TODAY(),EOMONTH(TODAY(),0))-MAX(G65,EOMONTH(TODAY(),-1)+1)+1),"") -> 16
A66: =IF(B66<>"",ROW()-1,"") -> 65 | B66: 岑健祥 | C66: =IFERROR(INDEX(面试清单!D:D,MATCH(65,面试清单!P:P,0)),"") | D66: 电工 | E66: 大工 | F66: 共辉 | G66: 45754 | H66: =IFERROR(INDEX(面试清单!H:H,MATCH(65,面试清单!P:P,0)),"") | I66: 江门 | J66: =IF(G66<>"",TODAY()-G66,"") -> 435 | K66: =IF(G66<>"",MAX(0,MIN(TODAY(),EOMONTH(TODAY(),0))-MAX(G66,EOMONTH(TODAY(),-1)+1)+1),"") -> 16
A67: =IF(B67<>"",ROW()-1,"") -> 66 | B67: 黄茂盛 | C67: =IFERROR(INDEX(面试清单!D:D,MATCH(66,面试清单!P:P,0)),"") | D67: 电工 | E67: 大工 | F67: 赞华 | G67: 45754 | H67: =IFERROR(INDEX(面试清单!H:H,MATCH(66,面试清单!P:P,0)),"") | I67: 江门 | J67: =IF(G67<>"",TODAY()-G67,"") -> 435 | K67: =IF(G67<>"",MAX(0,MIN(TODAY(),EOMONTH(TODAY(),0))-MAX(G67,EOMONTH(TODAY(),-1)+1)+1),"") -> 16
A68: =IF(B68<>"",ROW()-1,"") -> 67 | B68: 甘勇 | C68: =IFERROR(INDEX(面试清单!D:D,MATCH(67,面试清单!P:P,0)),"") | D68: 电工 | E68: 大工 | F68: 共辉 | G68: 45755 | H68: =IFERROR(INDEX(面试清单!H:H,MATCH(67,面试清单!P:P,0)),"") | I68: 江门 | J68: =IF(G68<>"",TODAY()-G68,"") -> 434 | K68: =IF(G68<>"",MAX(0,MIN(TODAY(),EOMONTH(TODAY(),0))-MAX(G68,EOMONTH(TODAY(),-1)+1)+1),"") -> 16
A69: =IF(B69<>"",ROW()-1,"") -> 68 | B69: 李闯 | C69: =IFERROR(INDEX(面试清单!D:D,MATCH(68,面试清单!P:P,0)),"") | D69: 钳工 | E69: 大工 | F69: 共辉 | G69: 45757 | H69: =IFERROR(INDEX(面试清单!H:H,MATCH(68,面试清单!P:P,0)),"") | I69: 江门 | J69: =IF(G69<>"",TODAY()-G69,"") -> 432 | K69: =IF(G69<>"",MAX(0,MIN(TODAY(),EOMONTH(TODAY(),0))-MAX(G69,EOMONTH(TODAY(),-1)+1)+1),"") -> 16
A70: =IF(B70<>"",ROW()-1,"") -> 69 | B70: 黄爵桂 | C70: =IFERROR(INDEX(面试清单!D:D,MATCH(69,面试清单!P:P,0)),"") | D70: 钳工 | E70: 大工 | F70: 奕晨 | G70: 45765 | H70: =IFERROR(INDEX(面试清单!H:H,MATCH(69,面试清单!P:P,0)),"") | I70: 江门 | J70: =IF(G70<>"",TODAY()-G70,"") -> 424 | K70: =IF(G70<>"",MAX(0,MIN(TODAY(),EOMONTH(TODAY(),0))-MAX(G70,EOMONTH(TODAY(),-1)+1)+1),"") -> 16
A71: =IF(B71<>"",ROW()-1,"") -> 70 | B71: 蔡毅太 | C71: =IFERROR(INDEX(面试清单!D:D,MATCH(70,面试清单!P:P,0)),"") | D71: 电工 | E71: 大工 | F71: 聚宏 | G71: 45765 | H71: =IFERROR(INDEX(面试清单!H:H,MATCH(70,面试清单!P:P,0)),"") | I71: 江门 | J71: =IF(G71<>"",TODAY()-G71,"") -> 424 | K71: =IF(G71<>"",MAX(0,MIN(TODAY(),EOMONTH(TODAY(),0))-MAX(G71,EOMONTH(TODAY(),-1)+1)+1),"") -> 16
A72: =IF(B72<>"",ROW()-1,"") -> 71 | B72: 雷松 | C72: =IFERROR(INDEX(面试清单!D:D,MATCH(71,面试清单!P:P,0)),"") -> 0088 | D72: 调试 | E72: 中工 | F72: 科为 | G72: 45768 | H72: =IFERROR(INDEX(面试清单!H:H,MATCH(71,面试清单!P:P,0)),"") -> 线下 | I72: 江门 | J72: =IF(G72<>"",TODAY()-G72,"") -> 421 | K72: =IF(G72<>"",MAX(0,MIN(TODAY(),EOMONTH(TODAY(),0))-MAX(G72,EOMONTH(TODAY(),-1)+1)+1),"") -> 16
A73: =IF(B73<>"",ROW()-1,"") -> 72 | B73: 欧阳明广 | C73: =IFERROR(INDEX(面试清单!D:D,MATCH(72,面试清单!P:P,0)),"") -> 0089 | D73: 电工 | E73: 大工 | F73: 共辉 | G73: 45771 | H73: =IFERROR(INDEX(面试清单!H:H,MATCH(72,面试清单!P:P,0)),"") -> 线下 | I73: 江门 | J73: =IF(G73<>"",TODAY()-G73,"") -> 418 | K73: =IF(G73<>"",MAX(0,MIN(TODAY(),EOMONTH(TODAY(),0))-MAX(G73,EOMONTH(TODAY(),-1)+1)+1),"") -> 16
A74: =IF(B74<>"",ROW()-1,"") -> 73 | B74: 罗佳鹏 | C74: =IFERROR(INDEX(面试清单!D:D,MATCH(73,面试清单!P:P,0)),"") -> 0090 | D74: 调试 | E74: 大工 | F74: 奕晨 | G74: 45775 | H74: =IFERROR(INDEX(面试清单!H:H,MATCH(73,面试清单!P:P,0)),"") -> 线下 | I74: 江门 | J74: =IF(G74<>"",TODAY()-G74,"") -> 414 | K74: =IF(G74<>"",MAX(0,MIN(TODAY(),EOMONTH(TODAY(),0))-MAX(G74,EOMONTH(TODAY(),-1)+1)+1),"") -> 16
A75: =IF(B75<>"",ROW()-1,"") -> 74 | B75: 覃文森 | C75: =IFERROR(INDEX(面试清单!D:D,MATCH(74,面试清单!P:P,0)),"") -> 0091 | D75: 钳工 | E75: 大工 | F75: 共辉 | G75: 45781 | H75: =IFERROR(INDEX(面试清单!H:H,MATCH(74,面试清单!P:P,0)),"") -> 线下 | I75: 江门 | J75: =IF(G75<>"",TODAY()-G75,"") -> 408 | K75: =IF(G75<>"",MAX(0,MIN(TODAY(),EOMONTH(TODAY(),0))-MAX(G75,EOMONTH(TODAY(),-1)+1)+1),"") -> 16
A76: =IF(B76<>"",ROW()-1,"") -> 75 | B76: 方靖尔 | C76: =IFERROR(INDEX(面试清单!D:D,MATCH(75,面试清单!P:P,0)),"") | D76: 电工 | E76: 大工 | F76: 聘得宝 | G76: 45783 | H76: =IFERROR(INDEX(面试清单!H:H,MATCH(75,面试清单!P:P,0)),"") | I76: 江门 | J76: =IF(G76<>"",TODAY()-G76,"") -> 406 | K76: =IF(G76<>"",MAX(0,MIN(TODAY(),EOMONTH(TODAY(),0))-MAX(G76,EOMONTH(TODAY(),-1)+1)+1),"") -> 16
A77: =IF(B77<>"",ROW()-1,"") -> 76 | B77: 劳桂秋 | C77: =IFERROR(INDEX(面试清单!D:D,MATCH(76,面试清单!P:P,0)),"") | D77: 钳工 | E77: 小工 | F77: 聘得宝 | G77: 45783 | H77: =IFERROR(INDEX(面试清单!H:H,MATCH(76,面试清单!P:P,0)),"") | I77: 江门 | J77: =IF(G77<>"",TODAY()-G77,"") -> 406 | K77: =IF(G77<>"",MAX(0,MIN(TODAY(),EOMONTH(TODAY(),0))-MAX(G77,EOMONTH(TODAY(),-1)+1)+1),"") -> 16
A78: =IF(B78<>"",ROW()-1,"") -> 77 | B78: 吕谆 | C78: =IFERROR(INDEX(面试清单!D:D,MATCH(77,面试清单!P:P,0)),"") | D78: 电工 | E78: 中工 | F78: 华伟 | G78: 45794 | H78: =IFERROR(INDEX(面试清单!H:H,MATCH(77,面试清单!P:P,0)),"") | I78: 江门 | J78: =IF(G78<>"",TODAY()-G78,"") -> 395 | K78: =IF(G78<>"",MAX(0,MIN(TODAY(),EOMONTH(TODAY(),0))-MAX(G78,EOMONTH(TODAY(),-1)+1)+1),"") -> 16
A79: =IF(B79<>"",ROW()-1,"") -> 78 | B79: 陈美玲 | C79: =IFERROR(INDEX(面试清单!D:D,MATCH(78,面试清单!P:P,0)),"") | D79: 钳工 | E79: 小工 | F79: 聘得宝 | G79: 45797 | H79: =IFERROR(INDEX(面试清单!H:H,MATCH(78,面试清单!P:P,0)),"") | I79: 江门 | J79: =IF(G79<>"",TODAY()-G79,"") -> 392 | K79: =IF(G79<>"",MAX(0,MIN(TODAY(),EOMONTH(TODAY(),0))-MAX(G79,EOMONTH(TODAY(),-1)+1)+1),"") -> 16
A80: =IF(B80<>"",ROW()-1,"") -> 79 | B80: 马继虎 | C80: =IFERROR(INDEX(面试清单!D:D,MATCH(79,面试清单!P:P,0)),"") | D80: 钳工 | E80: 大工 | F80: 奕晨 | G80: 45797 | H80: =IFERROR(INDEX(面试清单!H:H,MATCH(79,面试清单!P:P,0)),"") | I80: 江门 | J80: =IF(G80<>"",TODAY()-G80,"") -> 392 | K80: =IF(G80<>"",MAX(0,MIN(TODAY(),EOMONTH(TODAY(),0))-MAX(G80,EOMONTH(TODAY(),-1)+1)+1),"") -> 16
A81: =IF(B81<>"",ROW()-1,"") -> 80 | B81: 邬振斌 | C81: =IFERROR(INDEX(面试清单!D:D,MATCH(80,面试清单!P:P,0)),"") | D81: 钳工 | E81: 中工 | F81: 华伟 | G81: 45799 | H81: =IFERROR(INDEX(面试清单!H:H,MATCH(80,面试清单!P:P,0)),"") | I81: 江门 | J81: =IF(G81<>"",TODAY()-G81,"") -> 390 | K81: =IF(G81<>"",MAX(0,MIN(TODAY(),EOMONTH(TODAY(),0))-MAX(G81,EOMONTH(TODAY(),-1)+1)+1),"") -> 16
A82: =IF(B82<>"",ROW()-1,"") -> 81 | B82: 唐思恒 | C82: =IFERROR(INDEX(面试清单!D:D,MATCH(81,面试清单!P:P,0)),"") | D82: 电工 | E82: 大工 | F82: 共辉 | G82: 45805 | H82: =IFERROR(INDEX(面试清单!H:H,MATCH(81,面试清单!P:P,0)),"") | I82: 江门 | J82: =IF(G82<>"",TODAY()-G82,"") -> 384 | K82: =IF(G82<>"",MAX(0,MIN(TODAY(),EOMONTH(TODAY(),0))-MAX(G82,EOMONTH(TODAY(),-1)+1)+1),"") -> 16
A83: =IF(B83<>"",ROW()-1,"") -> 82 | B83: 韦煜甲 | C83: =IFERROR(INDEX(面试清单!D:D,MATCH(82,面试清单!P:P,0)),"") | D83: 电工 | E83: 大工 | F83: 奕晨 | G83: 45806 | H83: =IFERROR(INDEX(面试清单!H:H,MATCH(82,面试清单!P:P,0)),"") | I83: 江门 | J83: =IF(G83<>"",TODAY()-G83,"") -> 383 | K83: =IF(G83<>"",MAX(0,MIN(TODAY(),EOMONTH(TODAY(),0))-MAX(G83,EOMONTH(TODAY(),-1)+1)+1),"") -> 16
A84: =IF(B84<>"",ROW()-1,"") -> 83 | B84: 陈昌隆 | C84: =IFERROR(INDEX(面试清单!D:D,MATCH(83,面试清单!P:P,0)),"") -> 0104 | D84: 钳工 | E84: 大工 | F84: 慧城 | G84: 45806 | H84: =IFERROR(INDEX(面试清单!H:H,MATCH(83,面试清单!P:P,0)),"") -> 线下 | I84: 江门 | J84: =IF(G84<>"",TODAY()-G84,"") -> 383 | K84: =IF(G84<>"",MAX(0,MIN(TODAY(),EOMONTH(TODAY(),0))-MAX(G84,EOMONTH(TODAY(),-1)+1)+1),"") -> 16
A85: =IF(B85<>"",ROW()-1,"") -> 84 | B85: 唐瑞营 | C85: =IFERROR(INDEX(面试清单!D:D,MATCH(84,面试清单!P:P,0)),"") | D85: 钳工 | E85: 大工 | F85: 奕晨 | G85: 45807 | H85: =IFERROR(INDEX(面试清单!H:H,MATCH(84,面试清单!P:P,0)),"") | I85: 江门 | J85: =IF(G85<>"",TODAY()-G85,"") -> 382 | K85: =IF(G85<>"",MAX(0,MIN(TODAY(),EOMONTH(TODAY(),0))-MAX(G85,EOMONTH(TODAY(),-1)+1)+1),"") -> 16
A86: =IF(B86<>"",ROW()-1,"") -> 85 | B86: 梁晋 | C86: =IFERROR(INDEX(面试清单!D:D,MATCH(85,面试清单!P:P,0)),"") | D86: 钳工 | E86: 大工 | F86: 共辉 | G86: 45809 | H86: =IFERROR(INDEX(面试清单!H:H,MATCH(85,面试清单!P:P,0)),"") | I86: 江门 | J86: =IF(G86<>"",TODAY()-G86,"") -> 380 | K86: =IF(G86<>"",MAX(0,MIN(TODAY(),EOMONTH(TODAY(),0))-MAX(G86,EOMONTH(TODAY(),-1)+1)+1),"") -> 16
A87: =IF(B87<>"",ROW()-1,"") -> 86 | B87: 梁羽 | C87: =IFERROR(INDEX(面试清单!D:D,MATCH(86,面试清单!P:P,0)),"") -> 0107 | D87: 钳工 | E87: 大工 | F87: 奕晨 | G87: 45810 | H87: =IFERROR(INDEX(面试清单!H:H,MATCH(86,面试清单!P:P,0)),"") -> 线下 | I87: 江门 | J87: =IF(G87<>"",TODAY()-G87,"") -> 379 | K87: =IF(G87<>"",MAX(0,MIN(TODAY(),EOMONTH(TODAY(),0))-MAX(G87,EOMONTH(TODAY(),-1)+1)+1),"") -> 16
A88: =IF(B88<>"",ROW()-1,"") -> 87 | B88: 余宝 | C88: =IFERROR(INDEX(面试清单!D:D,MATCH(87,面试清单!P:P,0)),"") | D88: 钳工 | E88: 大工 | F88: 科为 | G88: 45811 | H88: =IFERROR(INDEX(面试清单!H:H,MATCH(87,面试清单!P:P,0)),"") | I88: 江门 | J88: =IF(G88<>"",TODAY()-G88,"") -> 378 | K88: =IF(G88<>"",MAX(0,MIN(TODAY(),EOMONTH(TODAY(),0))-MAX(G88,EOMONTH(TODAY(),-1)+1)+1),"") -> 16
A89: =IF(B89<>"",ROW()-1,"") -> 88 | B89: 黄兼雨 | C89: =IFERROR(INDEX(面试清单!D:D,MATCH(88,面试清单!P:P,0)),"") | D89: 电工 | E89: 大工 | F89: 共辉 | G89: 45811 | H89: =IFERROR(INDEX(面试清单!H:H,MATCH(88,面试清单!P:P,0)),"") | I89: 江门 | J89: =IF(G89<>"",TODAY()-G89,"") -> 378 | K89: =IF(G89<>"",MAX(0,MIN(TODAY(),EOMONTH(TODAY(),0))-MAX(G89,EOMONTH(TODAY(),-1)+1)+1),"") -> 16
A90: =IF(B90<>"",ROW()-1,"") -> 89 | B90: 石凯敏 | C90: =IFERROR(INDEX(面试清单!D:D,MATCH(89,面试清单!P:P,0)),"") | D90: 钳工 | E90: 大工 | F90: 伟辉 | G90: 45813 | H90: =IFERROR(INDEX(面试清单!H:H,MATCH(89,面试清单!P:P,0)),"") | I90: 江门 | J90: =IF(G90<>"",TODAY()-G90,"") -> 376 | K90: =IF(G90<>"",MAX(0,MIN(TODAY(),EOMONTH(TODAY(),0))-MAX(G90,EOMONTH(TODAY(),-1)+1)+1),"") -> 16
A91: =IF(B91<>"",ROW()-1,"") -> 90 | B91: 宋聪扬 | C91: =IFERROR(INDEX(面试清单!D:D,MATCH(90,面试清单!P:P,0)),"") -> 0114 | D91: 调试 | E91: 大工 | F91: 赞华 | G91: 45817 | H91: =IFERROR(INDEX(面试清单!H:H,MATCH(90,面试清单!P:P,0)),"") -> 线下 | I91: 江门 | J91: =IF(G91<>"",TODAY()-G91,"") -> 372 | K91: =IF(G91<>"",MAX(0,MIN(TODAY(),EOMONTH(TODAY(),0))-MAX(G91,EOMONTH(TODAY(),-1)+1)+1),"") -> 16
A92: =IF(B92<>"",ROW()-1,"") -> 91 | B92: 赵东 | C92: =IFERROR(INDEX(面试清单!D:D,MATCH(91,面试清单!P:P,0)),"") | D92: 电工 | E92: 大工 | F92: 共辉 | G92: 45817 | H92: =IFERROR(INDEX(面试清单!H:H,MATCH(91,面试清单!P:P,0)),"") | I92: 江门 | J92: =IF(G92<>"",TODAY()-G92,"") -> 372 | K92: =IF(G92<>"",MAX(0,MIN(TODAY(),EOMONTH(TODAY(),0))-MAX(G92,EOMONTH(TODAY(),-1)+1)+1),"") -> 16
A93: =IF(B93<>"",ROW()-1,"") -> 92 | B93: 钟志雄 | C93: =IFERROR(INDEX(面试清单!D:D,MATCH(92,面试清单!P:P,0)),"") -> 0116 | D93: 钳工 | E93: 大工 | F93: 科为 | G93: 45820 | H93: =IFERROR(INDEX(面试清单!H:H,MATCH(92,面试清单!P:P,0)),"") -> 线下 | I93: 江门 | J93: =IF(G93<>"",TODAY()-G93,"") -> 369 | K93: =IF(G93<>"",MAX(0,MIN(TODAY(),EOMONTH(TODAY(),0))-MAX(G93,EOMONTH(TODAY(),-1)+1)+1),"") -> 16
A94: =IF(B94<>"",ROW()-1,"") -> 93 | B94: 刘学成 | C94: =IFERROR(INDEX(面试清单!D:D,MATCH(93,面试清单!P:P,0)),"") | D94: 调试 | E94: 中工 | F94: 赞华 | G94: 45821 | H94: =IFERROR(INDEX(面试清单!H:H,MATCH(93,面试清单!P:P,0)),"") | I94: 江门 | J94: =IF(G94<>"",TODAY()-G94,"") -> 368 | K94: =IF(G94<>"",MAX(0,MIN(TODAY(),EOMONTH(TODAY(),0))-MAX(G94,EOMONTH(TODAY(),-1)+1)+1),"") -> 16
A95: =IF(B95<>"",ROW()-1,"") -> 94 | B95: 李强1 | C95: =IFERROR(INDEX(面试清单!D:D,MATCH(94,面试清单!P:P,0)),"") | D95: 调试 | E95: 中工 | F95: 共辉 | G95: 45821 | H95: =IFERROR(INDEX(面试清单!H:H,MATCH(94,面试清单!P:P,0)),"") | I95: 江门 | J95: =IF(G95<>"",TODAY()-G95,"") -> 368 | K95: =IF(G95<>"",MAX(0,MIN(TODAY(),EOMONTH(TODAY(),0))-MAX(G95,EOMONTH(TODAY(),-1)+1)+1),"") -> 16
A96: =IF(B96<>"",ROW()-1,"") -> 95 | B96: 苏金镇 | C96: =IFERROR(INDEX(面试清单!D:D,MATCH(95,面试清单!P:P,0)),"") | D96: 电工 | E96: 大工 | F96: 聘得宝 | G96: 45826 | H96: =IFERROR(INDEX(面试清单!H:H,MATCH(95,面试清单!P:P,0)),"") | I96: 江门 | J96: =IF(G96<>"",TODAY()-G96,"") -> 363 | K96: =IF(G96<>"",MAX(0,MIN(TODAY(),EOMONTH(TODAY(),0))-MAX(G96,EOMONTH(TODAY(),-1)+1)+1),"") -> 16
A97: =IF(B97<>"",ROW()-1,"") -> 96 | B97: 杨干栋 | C97: =IFERROR(INDEX(面试清单!D:D,MATCH(96,面试清单!P:P,0)),"") | D97: 调试 | E97: 大工 | F97: 共辉 | G97: 45854 | H97: =IFERROR(INDEX(面试清单!H:H,MATCH(96,面试清单!P:P,0)),"") | I97: 江门 | J97: =IF(G97<>"",TODAY()-G97,"") -> 335 | K97: =IF(G97<>"",MAX(0,MIN(TODAY(),EOMONTH(TODAY(),0))-MAX(G97,EOMONTH(TODAY(),-1)+1)+1),"") -> 16
A98: =IF(B98<>"",ROW()-1,"") -> 97 | B98: 梁雄玉 | C98: =IFERROR(INDEX(面试清单!D:D,MATCH(97,面试清单!P:P,0)),"") | D98: 电工 | E98: 大工 | F98: 共辉 | G98: 45895 | H98: =IFERROR(INDEX(面试清单!H:H,MATCH(97,面试清单!P:P,0)),"") | I98: 江门 | J98: =IF(G98<>"",TODAY()-G98,"") -> 294 | K98: =IF(G98<>"",MAX(0,MIN(TODAY(),EOMONTH(TODAY(),0))-MAX(G98,EOMONTH(TODAY(),-1)+1)+1),"") -> 16
A99: =IF(B99<>"",ROW()-1,"") -> 98 | B99: 关洪福 | C99: =IFERROR(INDEX(面试清单!D:D,MATCH(98,面试清单!P:P,0)),"") | D99: 电工 | E99: 大工 | F99: 聘得宝 | G99: 45895 | H99: =IFERROR(INDEX(面试清单!H:H,MATCH(98,面试清单!P:P,0)),"") | I99: 江门 | J99: =IF(G99<>"",TODAY()-G99,"") -> 294 | K99: =IF(G99<>"",MAX(0,MIN(TODAY(),EOMONTH(TODAY(),0))-MAX(G99,EOMONTH(TODAY(),-1)+1)+1),"") -> 16
A100: =IF(B100<>"",ROW()-1,"") -> 99 | B100: 林永东 | C100: =IFERROR(INDEX(面试清单!D:D,MATCH(99,面试清单!P:P,0)),"") | D100: 电工 | E100: 大工 | F100: 赞华 | G100: 45896 | H100: =IFERROR(INDEX(面试清单!H:H,MATCH(99,面试清单!P:P,0)),"") | I100: 江门 | J100: =IF(G100<>"",TODAY()-G100,"") -> 293 | K100: =IF(G100<>"",MAX(0,MIN(TODAY(),EOMONTH(TODAY(),0))-MAX(G100,EOMONTH(TODAY(),-1)+1)+1),"") -> 16
...

Sheet 使用说明
B1: 临时工管理台账 — 使用说明（v3）
B3: 一、文件概览
B4: 本文件共包含 6 个工作表：
B5: Sheet 1「面试清单」— 数据入口，录入所有面试候选人（绿色单元格为可填写）
B6: Sheet 2「离职清单」— 数据入口，记录离职事件（绿色单元格为可填写，其余自动VLOOKUP拉取）
B7: Sheet 3「在职清单」— 自动生成，无需手动操作
B8: Sheet 4「供应商管理」— 维护供应商列表，面试清单下拉菜单自动引用此表
B9: Sheet 5「指标看板」— KPI + 总目标表 + 周日度明细 + 人员结构分析 + 渠道对比 + 周度图表
B10: Sheet 6「使用说明」— 即本页
B12: 二、日常操作流程
B13: 步骤1: 维护供应商 → 打开「供应商管理」，填写供应商编号和名称（已预填001~003示例）
B14: 步骤2: 有人来面试 → 打开「面试清单」，填写一行（日期、姓名、身份证后四位、岗位、等级、供应商、渠道、结果、地区）
... B70: 6. 周日度明细表默认展示7天，如需更多天数请修改脚本中的 num_days 变量
